[{
	"createdAt": "/Date(1130488334000+0000)/",
	"createdBy": "createdBy 1",
	"modifiedAt": "/Date(1542875534000+0000)/",
	"modifiedBy": "modifiedBy 1",
	"recipeID": "bdcf2d0f-04b6-4d64-8d8b-e6c122b416b3",
	"recipeNAME": "recipeNAME 1",
	"recipeDESCRIPTION": "recipeDESCRIPTION 1",
	"recipeSTATUS": "recipeSTATUS 1",
	"recipeTYPE": "recipeTYPE 1",
	"VALID_TO": "/Date(967797134000)/",
	"VALID_FROM": "/Date(1114245134000)/",
	"evaluationID": "19a13a8e-b1d3-41ef-aac7-68c0f29ab4ef",
	"evaluationName": "evaluationName 1",
	"nextRecipeStatus": "nextRecipeStatus 1",
	"criticality": "criticality 1",
	"UseLimitsOfevaluationSheet": "UseLimitsOfevaluationSheet 1",
	"IsActiveEntity": true,
	"HasActiveEntity": false,
	"HasDraftEntity": true,
	"DraftAdministrativeData_DraftUUID": "0dc4e020-7b42-430e-82d8-cf987d5b9502",
	"undefined": "bdcf2d0f-04b6-4d64-8d8b-e6c122b416b3",
	"__metadata": {
		"uri": "Recipe(recipeID=guid'bdcf2d0f-04b6-4d64-8d8b-e6c122b416b3',IsActiveEntity=true)",
		"type": "RecipeService.Recipe"
	},
	"recipe": {
		"__deferred": {
			"uri": "Recipe(recipeID=guid'bdcf2d0f-04b6-4d64-8d8b-e6c122b416b3',IsActiveEntity=true)/recipe"
		}
	},
	"DraftAdministrativeData": {
		"__deferred": {
			"uri": "Recipe(recipeID=guid'bdcf2d0f-04b6-4d64-8d8b-e6c122b416b3',IsActiveEntity=true)/DraftAdministrativeData"
		}
	},
	"SiblingEntity": {
		"__deferred": {
			"uri": "Recipe(recipeID=guid'bdcf2d0f-04b6-4d64-8d8b-e6c122b416b3',IsActiveEntity=true)/SiblingEntity"
		}
	}
}, {
	"createdAt": "/Date(1376555534000+0000)/",
	"createdBy": "createdBy 2",
	"modifiedAt": "/Date(1177749134000+0000)/",
	"modifiedBy": "modifiedBy 2",
	"recipeID": "a03fabcb-d46b-48fe-a24b-2d93db5f39fa",
	"recipeNAME": "recipeNAME 2",
	"recipeDESCRIPTION": "recipeDESCRIPTION 2",
	"recipeSTATUS": "recipeSTATUS 2",
	"recipeTYPE": "recipeTYPE 2",
	"VALID_TO": "/Date(1264149134000)/",
	"VALID_FROM": "/Date(1509179534000)/",
	"evaluationID": "4cd02350-1624-42bb-b8bc-4d11c71a899d",
	"evaluationName": "evaluationName 2",
	"nextRecipeStatus": "nextRecipeStatus 2",
	"criticality": "criticality 2",
	"UseLimitsOfevaluationSheet": "UseLimitsOfevaluationSheet 2",
	"IsActiveEntity": false,
	"HasActiveEntity": false,
	"HasDraftEntity": false,
	"DraftAdministrativeData_DraftUUID": "fbfa5c93-a6b1-45b2-820f-cd0d7f153ec0",
	"undefined": "a03fabcb-d46b-48fe-a24b-2d93db5f39fa",
	"__metadata": {
		"uri": "Recipe(recipeID=guid'a03fabcb-d46b-48fe-a24b-2d93db5f39fa',IsActiveEntity=false)",
		"type": "RecipeService.Recipe"
	},
	"recipe": {
		"__deferred": {
			"uri": "Recipe(recipeID=guid'a03fabcb-d46b-48fe-a24b-2d93db5f39fa',IsActiveEntity=false)/recipe"
		}
	},
	"DraftAdministrativeData": {
		"__deferred": {
			"uri": "Recipe(recipeID=guid'a03fabcb-d46b-48fe-a24b-2d93db5f39fa',IsActiveEntity=false)/DraftAdministrativeData"
		}
	},
	"SiblingEntity": {
		"__deferred": {
			"uri": "Recipe(recipeID=guid'a03fabcb-d46b-48fe-a24b-2d93db5f39fa',IsActiveEntity=false)/SiblingEntity"
		}
	}
}, {
	"createdAt": "/Date(1158827534000+0000)/",
	"createdBy": "createdBy 3",
	"modifiedAt": "/Date(1406622734000+0000)/",
	"modifiedBy": "modifiedBy 3",
	"recipeID": "a2497b99-15be-429c-ba9a-2d5ccd35c08c",
	"recipeNAME": "recipeNAME 3",
	"recipeDESCRIPTION": "recipeDESCRIPTION 3",
	"recipeSTATUS": "recipeSTATUS 3",
	"recipeTYPE": "recipeTYPE 3",
	"VALID_TO": "/Date(1149150734000)/",
	"VALID_FROM": "/Date(1224664334000)/",
	"evaluationID": "80795fc9-0f99-4406-b5e6-ce8a8c9c037a",
	"evaluationName": "evaluationName 3",
	"nextRecipeStatus": "nextRecipeStatus 3",
	"criticality": "criticality 3",
	"UseLimitsOfevaluationSheet": "UseLimitsOfevaluationSheet 3",
	"IsActiveEntity": false,
	"HasActiveEntity": false,
	"HasDraftEntity": false,
	"DraftAdministrativeData_DraftUUID": "60ee31d5-ae47-4d0a-b4dd-a6e65cfe2d8f",
	"undefined": "a2497b99-15be-429c-ba9a-2d5ccd35c08c",
	"__metadata": {
		"uri": "Recipe(recipeID=guid'a2497b99-15be-429c-ba9a-2d5ccd35c08c',IsActiveEntity=false)",
		"type": "RecipeService.Recipe"
	},
	"recipe": {
		"__deferred": {
			"uri": "Recipe(recipeID=guid'a2497b99-15be-429c-ba9a-2d5ccd35c08c',IsActiveEntity=false)/recipe"
		}
	},
	"DraftAdministrativeData": {
		"__deferred": {
			"uri": "Recipe(recipeID=guid'a2497b99-15be-429c-ba9a-2d5ccd35c08c',IsActiveEntity=false)/DraftAdministrativeData"
		}
	},
	"SiblingEntity": {
		"__deferred": {
			"uri": "Recipe(recipeID=guid'a2497b99-15be-429c-ba9a-2d5ccd35c08c',IsActiveEntity=false)/SiblingEntity"
		}
	}
}, {
	"createdAt": "/Date(1442997134000+0000)/",
	"createdBy": "createdBy 4",
	"modifiedAt": "/Date(1561710734000+0000)/",
	"modifiedBy": "modifiedBy 4",
	"recipeID": "de499d1c-36fe-421a-ae53-e4df11fc4894",
	"recipeNAME": "recipeNAME 4",
	"recipeDESCRIPTION": "recipeDESCRIPTION 4",
	"recipeSTATUS": "recipeSTATUS 4",
	"recipeTYPE": "recipeTYPE 4",
	"VALID_TO": "/Date(1190104334000)/",
	"VALID_FROM": "/Date(1157704334000)/",
	"evaluationID": "328a2fc8-9828-4d50-98cd-7643c061e4d7",
	"evaluationName": "evaluationName 4",
	"nextRecipeStatus": "nextRecipeStatus 4",
	"criticality": "criticality 4",
	"UseLimitsOfevaluationSheet": "UseLimitsOfevaluationSheet 4",
	"IsActiveEntity": true,
	"HasActiveEntity": true,
	"HasDraftEntity": true,
	"DraftAdministrativeData_DraftUUID": "63e95c6e-4854-48bf-a0d4-e0f2a7ef523e",
	"undefined": "de499d1c-36fe-421a-ae53-e4df11fc4894",
	"__metadata": {
		"uri": "Recipe(recipeID=guid'de499d1c-36fe-421a-ae53-e4df11fc4894',IsActiveEntity=true)",
		"type": "RecipeService.Recipe"
	},
	"recipe": {
		"__deferred": {
			"uri": "Recipe(recipeID=guid'de499d1c-36fe-421a-ae53-e4df11fc4894',IsActiveEntity=true)/recipe"
		}
	},
	"DraftAdministrativeData": {
		"__deferred": {
			"uri": "Recipe(recipeID=guid'de499d1c-36fe-421a-ae53-e4df11fc4894',IsActiveEntity=true)/DraftAdministrativeData"
		}
	},
	"SiblingEntity": {
		"__deferred": {
			"uri": "Recipe(recipeID=guid'de499d1c-36fe-421a-ae53-e4df11fc4894',IsActiveEntity=true)/SiblingEntity"
		}
	}
}, {
	"createdAt": "/Date(977214734000+0000)/",
	"createdBy": "createdBy 5",
	"modifiedAt": "/Date(1275121934000+0000)/",
	"modifiedBy": "modifiedBy 5",
	"recipeID": "d7403eb5-2eea-4ef3-9a2f-1880c1f55eb5",
	"recipeNAME": "recipeNAME 5",
	"recipeDESCRIPTION": "recipeDESCRIPTION 5",
	"recipeSTATUS": "recipeSTATUS 5",
	"recipeTYPE": "recipeTYPE 5",
	"VALID_TO": "/Date(1139214734000)/",
	"VALID_FROM": "/Date(1405326734000)/",
	"evaluationID": "81fc2c0d-1981-4721-b219-e97758e8cc29",
	"evaluationName": "evaluationName 5",
	"nextRecipeStatus": "nextRecipeStatus 5",
	"criticality": "criticality 5",
	"UseLimitsOfevaluationSheet": "UseLimitsOfevaluationSheet 5",
	"IsActiveEntity": true,
	"HasActiveEntity": false,
	"HasDraftEntity": false,
	"DraftAdministrativeData_DraftUUID": "6aeb6da2-18ad-4521-8fd6-21cc3f0abb31",
	"undefined": "d7403eb5-2eea-4ef3-9a2f-1880c1f55eb5",
	"__metadata": {
		"uri": "Recipe(recipeID=guid'd7403eb5-2eea-4ef3-9a2f-1880c1f55eb5',IsActiveEntity=true)",
		"type": "RecipeService.Recipe"
	},
	"recipe": {
		"__deferred": {
			"uri": "Recipe(recipeID=guid'd7403eb5-2eea-4ef3-9a2f-1880c1f55eb5',IsActiveEntity=true)/recipe"
		}
	},
	"DraftAdministrativeData": {
		"__deferred": {
			"uri": "Recipe(recipeID=guid'd7403eb5-2eea-4ef3-9a2f-1880c1f55eb5',IsActiveEntity=true)/DraftAdministrativeData"
		}
	},
	"SiblingEntity": {
		"__deferred": {
			"uri": "Recipe(recipeID=guid'd7403eb5-2eea-4ef3-9a2f-1880c1f55eb5',IsActiveEntity=true)/SiblingEntity"
		}
	}
}, {
	"createdAt": "/Date(1132475534000+0000)/",
	"createdBy": "createdBy 6",
	"modifiedAt": "/Date(1378888334000+0000)/",
	"modifiedBy": "modifiedBy 6",
	"recipeID": "a7657936-a383-47b2-8707-5709c17fc44f",
	"recipeNAME": "recipeNAME 6",
	"recipeDESCRIPTION": "recipeDESCRIPTION 6",
	"recipeSTATUS": "recipeSTATUS 6",
	"recipeTYPE": "recipeTYPE 6",
	"VALID_TO": "/Date(1301387534000)/",
	"VALID_FROM": "/Date(1516091534000)/",
	"evaluationID": "04dacb04-7c4d-46b4-aded-ef0c8992c6f0",
	"evaluationName": "evaluationName 6",
	"nextRecipeStatus": "nextRecipeStatus 6",
	"criticality": "criticality 6",
	"UseLimitsOfevaluationSheet": "UseLimitsOfevaluationSheet 6",
	"IsActiveEntity": true,
	"HasActiveEntity": false,
	"HasDraftEntity": false,
	"DraftAdministrativeData_DraftUUID": "bc1f2782-e203-4147-879e-65b7246642ef",
	"undefined": "a7657936-a383-47b2-8707-5709c17fc44f",
	"__metadata": {
		"uri": "Recipe(recipeID=guid'a7657936-a383-47b2-8707-5709c17fc44f',IsActiveEntity=true)",
		"type": "RecipeService.Recipe"
	},
	"recipe": {
		"__deferred": {
			"uri": "Recipe(recipeID=guid'a7657936-a383-47b2-8707-5709c17fc44f',IsActiveEntity=true)/recipe"
		}
	},
	"DraftAdministrativeData": {
		"__deferred": {
			"uri": "Recipe(recipeID=guid'a7657936-a383-47b2-8707-5709c17fc44f',IsActiveEntity=true)/DraftAdministrativeData"
		}
	},
	"SiblingEntity": {
		"__deferred": {
			"uri": "Recipe(recipeID=guid'a7657936-a383-47b2-8707-5709c17fc44f',IsActiveEntity=true)/SiblingEntity"
		}
	}
}, {
	"createdAt": "/Date(1080117134000+0000)/",
	"createdBy": "createdBy 7",
	"modifiedAt": "/Date(1474965134000+0000)/",
	"modifiedBy": "modifiedBy 7",
	"recipeID": "eef5ac81-218f-41ad-9741-6b8c531c973e",
	"recipeNAME": "recipeNAME 7",
	"recipeDESCRIPTION": "recipeDESCRIPTION 7",
	"recipeSTATUS": "recipeSTATUS 7",
	"recipeTYPE": "Development Recipe",
	"VALID_TO": "/Date(1274171534000)/",
	"VALID_FROM": "/Date(990261134000)/",
	"evaluationID": "10759343-bc91-4eaa-b21a-5c53eada8d27",
	"evaluationName": "evaluationName 7",
	"nextRecipeStatus": "nextRecipeStatus 7",
	"criticality": "criticality 7",
	"UseLimitsOfevaluationSheet": "UseLimitsOfevaluationSheet 7",
	"IsActiveEntity": true,
	"HasActiveEntity": true,
	"HasDraftEntity": true,
	"DraftAdministrativeData_DraftUUID": "915e2640-90f6-4796-92ff-efaaf6051b7a",
	"undefined": "eef5ac81-218f-41ad-9741-6b8c531c973e",
	"__metadata": {
		"uri": "Recipe(recipeID=guid'eef5ac81-218f-41ad-9741-6b8c531c973e',IsActiveEntity=false)",
		"type": "RecipeService.Recipe"
	},
	"recipe": {
		"__deferred": {
			"uri": "Recipe(recipeID=guid'eef5ac81-218f-41ad-9741-6b8c531c973e',IsActiveEntity=false)/recipe"
		}
	},
	"DraftAdministrativeData": {
		"__deferred": {
			"uri": "Recipe(recipeID=guid'eef5ac81-218f-41ad-9741-6b8c531c973e',IsActiveEntity=false)/DraftAdministrativeData"
		}
	},
	"SiblingEntity": {
		"__deferred": {
			"uri": "Recipe(recipeID=guid'eef5ac81-218f-41ad-9741-6b8c531c973e',IsActiveEntity=false)/SiblingEntity"
		}
	}
}, {
	"createdAt": "/Date(1506587534000+0000)/",
	"createdBy": "createdBy 8",
	"modifiedAt": "/Date(1429345934000+0000)/",
	"modifiedBy": "modifiedBy 8",
	"recipeID": "0cdc4ce0-d85b-495a-940f-7d083228294a",
	"recipeNAME": "recipeNAME 8",
	"recipeDESCRIPTION": "recipeDESCRIPTION 8",
	"recipeSTATUS": "recipeSTATUS 8",
	"recipeTYPE": "recipeTYPE 8",
	"VALID_TO": "/Date(1532334734000)/",
	"VALID_FROM": "/Date(1210149134000)/",
	"evaluationID": "1f939eb5-e5ee-4855-a563-d4915700e8e9",
	"evaluationName": "evaluationName 8",
	"nextRecipeStatus": "nextRecipeStatus 8",
	"criticality": "criticality 8",
	"UseLimitsOfevaluationSheet": "UseLimitsOfevaluationSheet 8",
	"IsActiveEntity": false,
	"HasActiveEntity": true,
	"HasDraftEntity": false,
	"DraftAdministrativeData_DraftUUID": "951ec807-58e2-4d65-a63c-0bd9db5cc816",
	"undefined": "0cdc4ce0-d85b-495a-940f-7d083228294a",
	"__metadata": {
		"uri": "Recipe(recipeID=guid'0cdc4ce0-d85b-495a-940f-7d083228294a',IsActiveEntity=false)",
		"type": "RecipeService.Recipe"
	},
	"recipe": {
		"__deferred": {
			"uri": "Recipe(recipeID=guid'0cdc4ce0-d85b-495a-940f-7d083228294a',IsActiveEntity=false)/recipe"
		}
	},
	"DraftAdministrativeData": {
		"__deferred": {
			"uri": "Recipe(recipeID=guid'0cdc4ce0-d85b-495a-940f-7d083228294a',IsActiveEntity=false)/DraftAdministrativeData"
		}
	},
	"SiblingEntity": {
		"__deferred": {
			"uri": "Recipe(recipeID=guid'0cdc4ce0-d85b-495a-940f-7d083228294a',IsActiveEntity=false)/SiblingEntity"
		}
	}
}, {
	"createdAt": "/Date(1189931534000+0000)/",
	"createdBy": "createdBy 9",
	"modifiedAt": "/Date(1557477134000+0000)/",
	"modifiedBy": "modifiedBy 9",
	"recipeID": "62113893-da50-496c-bbbc-98ff5eb146d8",
	"recipeNAME": "recipeNAME 9",
	"recipeDESCRIPTION": "recipeDESCRIPTION 9",
	"recipeSTATUS": "recipeSTATUS 9",
	"recipeTYPE": "recipeTYPE 9",
	"VALID_TO": "/Date(1539937934000)/",
	"VALID_FROM": "/Date(1555489934000)/",
	"evaluationID": "ff373759-f189-4f54-8281-a0a3cfa04c10",
	"evaluationName": "evaluationName 9",
	"nextRecipeStatus": "nextRecipeStatus 9",
	"criticality": "criticality 9",
	"UseLimitsOfevaluationSheet": "UseLimitsOfevaluationSheet 9",
	"IsActiveEntity": false,
	"HasActiveEntity": true,
	"HasDraftEntity": false,
	"DraftAdministrativeData_DraftUUID": "04163615-52f7-406e-9df6-83ef98ea40cb",
	"undefined": "62113893-da50-496c-bbbc-98ff5eb146d8",
	"__metadata": {
		"uri": "Recipe(recipeID=guid'62113893-da50-496c-bbbc-98ff5eb146d8',IsActiveEntity=false)",
		"type": "RecipeService.Recipe"
	},
	"recipe": {
		"__deferred": {
			"uri": "Recipe(recipeID=guid'62113893-da50-496c-bbbc-98ff5eb146d8',IsActiveEntity=false)/recipe"
		}
	},
	"DraftAdministrativeData": {
		"__deferred": {
			"uri": "Recipe(recipeID=guid'62113893-da50-496c-bbbc-98ff5eb146d8',IsActiveEntity=false)/DraftAdministrativeData"
		}
	},
	"SiblingEntity": {
		"__deferred": {
			"uri": "Recipe(recipeID=guid'62113893-da50-496c-bbbc-98ff5eb146d8',IsActiveEntity=false)/SiblingEntity"
		}
	}
}, {
	"createdAt": "/Date(1008750734000+0000)/",
	"createdBy": "createdBy 10",
	"modifiedAt": "/Date(1334997134000+0000)/",
	"modifiedBy": "modifiedBy 10",
	"recipeID": "ff6d71e8-b4b9-433e-89df-240c142d3f44",
	"recipeNAME": "recipeNAME 10",
	"recipeDESCRIPTION": "recipeDESCRIPTION 10",
	"recipeSTATUS": "recipeSTATUS 10",
	"recipeTYPE": "recipeTYPE 10",
	"VALID_TO": "/Date(1039422734000)/",
	"VALID_FROM": "/Date(1239352334000)/",
	"evaluationID": "e64b7ceb-46f5-4a0d-9b95-af4a32bb38d2",
	"evaluationName": "evaluationName 10",
	"nextRecipeStatus": "nextRecipeStatus 10",
	"criticality": "criticality 10",
	"UseLimitsOfevaluationSheet": "UseLimitsOfevaluationSheet 10",
	"IsActiveEntity": true,
	"HasActiveEntity": false,
	"HasDraftEntity": true,
	"DraftAdministrativeData_DraftUUID": "c80f82ff-389e-417d-a8d0-57cb88fb8c5f",
	"undefined": "ff6d71e8-b4b9-433e-89df-240c142d3f44",
	"__metadata": {
		"uri": "Recipe(recipeID=guid'ff6d71e8-b4b9-433e-89df-240c142d3f44',IsActiveEntity=true)",
		"type": "RecipeService.Recipe"
	},
	"recipe": {
		"__deferred": {
			"uri": "Recipe(recipeID=guid'ff6d71e8-b4b9-433e-89df-240c142d3f44',IsActiveEntity=true)/recipe"
		}
	},
	"DraftAdministrativeData": {
		"__deferred": {
			"uri": "Recipe(recipeID=guid'ff6d71e8-b4b9-433e-89df-240c142d3f44',IsActiveEntity=true)/DraftAdministrativeData"
		}
	},
	"SiblingEntity": {
		"__deferred": {
			"uri": "Recipe(recipeID=guid'ff6d71e8-b4b9-433e-89df-240c142d3f44',IsActiveEntity=true)/SiblingEntity"
		}
	}
}]