[{
	"ID": "d02dcd9d-c22f-47f6-8dc6-e646add1a594",
	"recipeID": "bdcf2d0f-04b6-4d64-8d8b-e6c122b416b3",
	"specificationID": "specificationID 1",
	"specificationDescription": "specificationDescription 1",
	"formulaItemDescription": "formulaItemDescription 1",
	"density": 0.00985394674611232,
	"piecetoMass": 0.4163109025208215,
	"quantity": "6.6719213",
	"UOM": "UOM 1",
	"componentType": "componentType 1",
	"itemNumber": 0,
	"IsActiveEntity": true,
	"HasActiveEntity": true,
	"HasDraftEntity": false,
	"DraftAdministrativeData_DraftUUID": "095561e5-faa9-452d-8fcb-93f62d095b33",
	"__metadata": {
		"uri": "RecipeSpecification(ID=guid'd02dcd9d-c22f-47f6-8dc6-e646add1a594',IsActiveEntity=true)",
		"type": "RecipeService.RecipeSpecification"
	},
	"RecipeSpecification": {
		"__deferred": {
			"uri": "RecipeSpecification(ID=guid'd02dcd9d-c22f-47f6-8dc6-e646add1a594',IsActiveEntity=true)/RecipeSpecification"
		}
	},
	"DraftAdministrativeData": {
		"__deferred": {
			"uri": "RecipeSpecification(ID=guid'd02dcd9d-c22f-47f6-8dc6-e646add1a594',IsActiveEntity=true)/DraftAdministrativeData"
		}
	},
	"SiblingEntity": {
		"__deferred": {
			"uri": "RecipeSpecification(ID=guid'd02dcd9d-c22f-47f6-8dc6-e646add1a594',IsActiveEntity=true)/SiblingEntity"
		}
	}
}, {
	"ID": "37eafd4a-2908-4875-9f49-961ddf818ee5",
	"recipeID": "a03fabcb-d46b-48fe-a24b-2d93db5f39fa",
	"specificationID": "a03fabcb-d46b-48fe-a24b-2d93db5f39fa",
	"specificationDescription": "specificationDescription 2",
	"formulaItemDescription": "formulaItemDescription 2",
	"density": null,
	"piecetoMass": null,
	"quantity": "2.58486",
	"UOM": "KG",
	"componentType": "Product",
	"itemNumber": 0,
	"IsActiveEntity": false,
	"HasActiveEntity": false,
	"HasDraftEntity": true,
	"DraftAdministrativeData_DraftUUID": "3814c21f-87cc-4016-aec6-cefa69013935",
	"__metadata": {
		"uri": "RecipeSpecification(ID=guid'37eafd4a-2908-4875-9f49-961ddf818ee5',IsActiveEntity=false)",
		"type": "RecipeService.RecipeSpecification"
	},
	"RecipeSpecification": {
		"__deferred": {
			"uri": "RecipeSpecification(ID=guid'37eafd4a-2908-4875-9f49-961ddf818ee5',IsActiveEntity=false)/RecipeSpecification"
		}
	},
	"DraftAdministrativeData": {
		"__deferred": {
			"uri": "RecipeSpecification(ID=guid'37eafd4a-2908-4875-9f49-961ddf818ee5',IsActiveEntity=false)/DraftAdministrativeData"
		}
	},
	"SiblingEntity": {
		"__deferred": {
			"uri": "RecipeSpecification(ID=guid'37eafd4a-2908-4875-9f49-961ddf818ee5',IsActiveEntity=false)/SiblingEntity"
		}
	}
}, {
	"ID": "c2666fd6-97ec-4944-a32e-1445cee631d5",
	"recipeID": "a03fabcb-d46b-48fe-a24b-2d93db5f39fa",
	"specificationID": "specificationID 3",
	"specificationDescription": "specificationDescription 3",
	"formulaItemDescription": "formulaItemDescription 3",
	"density": "5.101",
	"piecetoMass": "7.6386825",
	"quantity": "0.1008598",
	"UOM": "KG",
	"componentType": "Ingredient",
	"itemNumber": 10,
	"IsActiveEntity": false,
	"HasActiveEntity": false,
	"HasDraftEntity": false,
	"DraftAdministrativeData_DraftUUID": "02e6bf22-f14f-4e80-97a9-8419daf2b28c",
	"__metadata": {
		"uri": "RecipeSpecification(ID=guid'c2666fd6-97ec-4944-a32e-1445cee631d5',IsActiveEntity=false)",
		"type": "RecipeService.RecipeSpecification"
	},
	"RecipeSpecification": {
		"__deferred": {
			"uri": "RecipeSpecification(ID=guid'c2666fd6-97ec-4944-a32e-1445cee631d5',IsActiveEntity=false)/RecipeSpecification"
		}
	},
	"DraftAdministrativeData": {
		"__deferred": {
			"uri": "RecipeSpecification(ID=guid'c2666fd6-97ec-4944-a32e-1445cee631d5',IsActiveEntity=false)/DraftAdministrativeData"
		}
	},
	"SiblingEntity": {
		"__deferred": {
			"uri": "RecipeSpecification(ID=guid'c2666fd6-97ec-4944-a32e-1445cee631d5',IsActiveEntity=false)/SiblingEntity"
		}
	}
}, {
	"ID": "edae3b13-71da-4abd-8f52-b2cdb884be80",
	"recipeID": "a03fabcb-d46b-48fe-a24b-2d93db5f39fa",
	"specificationID": "specificationID 4",
	"specificationDescription": "specificationDescription 4",
	"formulaItemDescription": "formulaItemDescription 4",
	"density": "8.688",
	"piecetoMass": "9.523",
	"quantity": "8.07",
	"UOM": "KG",
	"componentType": "Package",
	"itemNumber": 20,
	"IsActiveEntity": false,
	"HasActiveEntity": false,
	"HasDraftEntity": false,
	"DraftAdministrativeData_DraftUUID": "5208e787-fc88-4d47-ac9f-2ed4cfe6e741",
	"__metadata": {
		"uri": "RecipeSpecification(ID=guid'edae3b13-71da-4abd-8f52-b2cdb884be80',IsActiveEntity=false)",
		"type": "RecipeService.RecipeSpecification"
	},
	"RecipeSpecification": {
		"__deferred": {
			"uri": "RecipeSpecification(ID=guid'edae3b13-71da-4abd-8f52-b2cdb884be80',IsActiveEntity=false)/RecipeSpecification"
		}
	},
	"DraftAdministrativeData": {
		"__deferred": {
			"uri": "RecipeSpecification(ID=guid'edae3b13-71da-4abd-8f52-b2cdb884be80',IsActiveEntity=false)/DraftAdministrativeData"
		}
	},
	"SiblingEntity": {
		"__deferred": {
			"uri": "RecipeSpecification(ID=guid'edae3b13-71da-4abd-8f52-b2cdb884be80',IsActiveEntity=false)/SiblingEntity"
		}
	}
}, {
	"ID": "5e9ef89b-2150-45e2-9af6-54e7fc877f31",
	"recipeID": "a03fabcb-d46b-48fe-a24b-2d93db5f39fa",
	"specificationID": "specificationID 5",
	"specificationDescription": "specificationDescription 5",
	"formulaItemDescription": "formulaItemDescription 5",
	"density": "3.324",
	"piecetoMass": "0.5916",
	"quantity": "-4.85",
	"UOM": "KG",
	"componentType": "Co-Product",
	"itemNumber": 30,
	"IsActiveEntity": false,
	"HasActiveEntity": false,
	"HasDraftEntity": false,
	"DraftAdministrativeData_DraftUUID": "4c1f2ae3-cbfb-4903-88c4-bee06a9cc34f",
	"__metadata": {
		"uri": "RecipeSpecification(ID=guid'5e9ef89b-2150-45e2-9af6-54e7fc877f31',IsActiveEntity=false)",
		"type": "RecipeService.RecipeSpecification"
	},
	"RecipeSpecification": {
		"__deferred": {
			"uri": "RecipeSpecification(ID=guid'5e9ef89b-2150-45e2-9af6-54e7fc877f31',IsActiveEntity=false)/RecipeSpecification"
		}
	},
	"DraftAdministrativeData": {
		"__deferred": {
			"uri": "RecipeSpecification(ID=guid'5e9ef89b-2150-45e2-9af6-54e7fc877f31',IsActiveEntity=false)/DraftAdministrativeData"
		}
	},
	"SiblingEntity": {
		"__deferred": {
			"uri": "RecipeSpecification(ID=guid'5e9ef89b-2150-45e2-9af6-54e7fc877f31',IsActiveEntity=false)/SiblingEntity"
		}
	}
}, {
	"ID": "73c8abc4-31ef-404a-a068-cb9e7aa09845",
	"recipeID": "a7657936-a383-47b2-8707-5709c17fc44f",
	"specificationID": "specificationID 6",
	"specificationDescription": "specificationDescription 6",
	"formulaItemDescription": "formulaItemDescription 6",
	"density": 4.053588794307267,
	"piecetoMass": 7.495461239905579,
	"quantity": "7.826713628710201",
	"UOM": "UOM 6",
	"componentType": "componentType 6",
	"itemNumber": 0,
	"IsActiveEntity": false,
	"HasActiveEntity": true,
	"HasDraftEntity": false,
	"DraftAdministrativeData_DraftUUID": "20dd90b9-4322-404f-aaeb-e48bffaf7a43",
	"__metadata": {
		"uri": "RecipeSpecification(ID=guid'73c8abc4-31ef-404a-a068-cb9e7aa09845',IsActiveEntity=false)",
		"type": "RecipeService.RecipeSpecification"
	},
	"RecipeSpecification": {
		"__deferred": {
			"uri": "RecipeSpecification(ID=guid'73c8abc4-31ef-404a-a068-cb9e7aa09845',IsActiveEntity=false)/RecipeSpecification"
		}
	},
	"DraftAdministrativeData": {
		"__deferred": {
			"uri": "RecipeSpecification(ID=guid'73c8abc4-31ef-404a-a068-cb9e7aa09845',IsActiveEntity=false)/DraftAdministrativeData"
		}
	},
	"SiblingEntity": {
		"__deferred": {
			"uri": "RecipeSpecification(ID=guid'73c8abc4-31ef-404a-a068-cb9e7aa09845',IsActiveEntity=false)/SiblingEntity"
		}
	}
}, {
	"ID": "747e2f33-3c62-4a1a-83a4-a4bdfb31c7d5",
	"recipeID": "eef5ac81-218f-41ad-9741-6b8c531c973e",
	"specificationID": "eef5ac81-218f-41ad-9741-6b8c531c973e",
	"specificationDescription": "specificationDescription 7",
	"formulaItemDescription": "formulaItemDescription 7",
	"density": "0",
	"piecetoMass": "0",
	"quantity": "7.11",
	"UOM": "KG",
	"componentType": "Product",
	"itemNumber": 0,
	"IsActiveEntity": false,
	"HasActiveEntity": true,
	"HasDraftEntity": false,
	"DraftAdministrativeData_DraftUUID": "a831e194-c177-4534-b493-4ee12718204e",
	"__metadata": {
		"uri": "RecipeSpecification(ID=guid'747e2f33-3c62-4a1a-83a4-a4bdfb31c7d5',IsActiveEntity=false)",
		"type": "RecipeService.RecipeSpecification"
	},
	"RecipeSpecification": {
		"__deferred": {
			"uri": "RecipeSpecification(ID=guid'747e2f33-3c62-4a1a-83a4-a4bdfb31c7d5',IsActiveEntity=false)/RecipeSpecification"
		}
	},
	"DraftAdministrativeData": {
		"__deferred": {
			"uri": "RecipeSpecification(ID=guid'747e2f33-3c62-4a1a-83a4-a4bdfb31c7d5',IsActiveEntity=false)/DraftAdministrativeData"
		}
	},
	"SiblingEntity": {
		"__deferred": {
			"uri": "RecipeSpecification(ID=guid'747e2f33-3c62-4a1a-83a4-a4bdfb31c7d5',IsActiveEntity=false)/SiblingEntity"
		}
	}
}, {
	"ID": "02e4d77d-180d-4174-9516-b06e73602dbd",
	"recipeID": "eef5ac81-218f-41ad-9741-6b8c531c973e",
	"specificationID": "specificationID 8",
	"specificationDescription": "specificationDescription 8",
	"formulaItemDescription": "formulaItemDescription 8",
	"density": "3.1",
	"piecetoMass": "2.8",
	"quantity": "6.67",
	"UOM": "KG",
	"componentType": "Ingredient",
	"itemNumber": 10,
	"IsActiveEntity": true,
	"HasActiveEntity": true,
	"HasDraftEntity": false,
	"DraftAdministrativeData_DraftUUID": "4f545e4c-9bab-4509-b827-50fea2260fbe",
	"__metadata": {
		"uri": "RecipeSpecification(ID=guid'02e4d77d-180d-4174-9516-b06e73602dbd',IsActiveEntity=true)",
		"type": "RecipeService.RecipeSpecification"
	},
	"RecipeSpecification": {
		"__deferred": {
			"uri": "RecipeSpecification(ID=guid'02e4d77d-180d-4174-9516-b06e73602dbd',IsActiveEntity=true)/RecipeSpecification"
		}
	},
	"DraftAdministrativeData": {
		"__deferred": {
			"uri": "RecipeSpecification(ID=guid'02e4d77d-180d-4174-9516-b06e73602dbd',IsActiveEntity=true)/DraftAdministrativeData"
		}
	},
	"SiblingEntity": {
		"__deferred": {
			"uri": "RecipeSpecification(ID=guid'02e4d77d-180d-4174-9516-b06e73602dbd',IsActiveEntity=true)/SiblingEntity"
		}
	}
}, {
	"ID": "fa07fb28-43a6-43c7-9dba-430b99c97b99",
	"recipeID": "eef5ac81-218f-41ad-9741-6b8c531c973e",
	"specificationID": "specificationID 9",
	"specificationDescription": "specificationDescription 9",
	"formulaItemDescription": "formulaItemDescription 9",
	"density": "3.05",
	"piecetoMass": "2.11",
	"quantity": "-0.86",
	"UOM": "KG",
	"componentType": "Co-Product",
	"itemNumber": 20,
	"IsActiveEntity": false,
	"HasActiveEntity": false,
	"HasDraftEntity": false,
	"DraftAdministrativeData_DraftUUID": "bd8e1a2a-e6b2-4d25-a975-ece5ef0fe135",
	"__metadata": {
		"uri": "RecipeSpecification(ID=guid'fa07fb28-43a6-43c7-9dba-430b99c97b99',IsActiveEntity=false)",
		"type": "RecipeService.RecipeSpecification"
	},
	"RecipeSpecification": {
		"__deferred": {
			"uri": "RecipeSpecification(ID=guid'fa07fb28-43a6-43c7-9dba-430b99c97b99',IsActiveEntity=false)/RecipeSpecification"
		}
	},
	"DraftAdministrativeData": {
		"__deferred": {
			"uri": "RecipeSpecification(ID=guid'fa07fb28-43a6-43c7-9dba-430b99c97b99',IsActiveEntity=false)/DraftAdministrativeData"
		}
	},
	"SiblingEntity": {
		"__deferred": {
			"uri": "RecipeSpecification(ID=guid'fa07fb28-43a6-43c7-9dba-430b99c97b99',IsActiveEntity=false)/SiblingEntity"
		}
	}
}, {
	"ID": "45c02058-a945-4c32-affb-9c00b1f561b9",
	"recipeID": "ff6d71e8-b4b9-433e-89df-240c142d3f44",
	"specificationID": "specificationID 10",
	"specificationDescription": "specificationDescription 10",
	"formulaItemDescription": "formulaItemDescription 10",
	"density": 7.131286922867365,
	"piecetoMass": 4.6690271968953025,
	"quantity": "5.584734511347149",
	"UOM": "UOM 10",
	"componentType": "componentType 10",
	"itemNumber": 0,
	"IsActiveEntity": true,
	"HasActiveEntity": true,
	"HasDraftEntity": false,
	"DraftAdministrativeData_DraftUUID": "56ef3283-89e8-4567-9de7-2c0aff671922",
	"__metadata": {
		"uri": "RecipeSpecification(ID=guid'45c02058-a945-4c32-affb-9c00b1f561b9',IsActiveEntity=true)",
		"type": "RecipeService.RecipeSpecification"
	},
	"RecipeSpecification": {
		"__deferred": {
			"uri": "RecipeSpecification(ID=guid'45c02058-a945-4c32-affb-9c00b1f561b9',IsActiveEntity=true)/RecipeSpecification"
		}
	},
	"DraftAdministrativeData": {
		"__deferred": {
			"uri": "RecipeSpecification(ID=guid'45c02058-a945-4c32-affb-9c00b1f561b9',IsActiveEntity=true)/DraftAdministrativeData"
		}
	},
	"SiblingEntity": {
		"__deferred": {
			"uri": "RecipeSpecification(ID=guid'45c02058-a945-4c32-affb-9c00b1f561b9',IsActiveEntity=true)/SiblingEntity"
		}
	}
}]