[{
	"Id": "KG",
	"description": "Kilograms",
	"__metadata": {
		"uri": "UOM('Id%201')",
		"type": "RecipeService.UOM"
	}
}, {
	"Id": "G",
	"description": "Grams",
	"__metadata": {
		"uri": "UOM('Id%202')",
		"type": "RecipeService.UOM"
	}
}, {
	"Id": "Id 3",
	"description": "description 3",
	"__metadata": {
		"uri": "UOM('Id%203')",
		"type": "RecipeService.UOM"
	}
}, {
	"Id": "Id 4",
	"description": "description 4",
	"__metadata": {
		"uri": "UOM('Id%204')",
		"type": "RecipeService.UOM"
	}
}, {
	"Id": "Id 5",
	"description": "description 5",
	"__metadata": {
		"uri": "UOM('Id%205')",
		"type": "RecipeService.UOM"
	}
}, {
	"Id": "Id 6",
	"description": "description 6",
	"__metadata": {
		"uri": "UOM('Id%206')",
		"type": "RecipeService.UOM"
	}
}, {
	"Id": "Id 7",
	"description": "description 7",
	"__metadata": {
		"uri": "UOM('Id%207')",
		"type": "RecipeService.UOM"
	}
}, {
	"Id": "Id 8",
	"description": "description 8",
	"__metadata": {
		"uri": "UOM('Id%208')",
		"type": "RecipeService.UOM"
	}
}, {
	"Id": "Id 9",
	"description": "description 9",
	"__metadata": {
		"uri": "UOM('Id%209')",
		"type": "RecipeService.UOM"
	}
}, {
	"Id": "Id 10",
	"description": "description 10",
	"__metadata": {
		"uri": "UOM('Id%2010')",
		"type": "RecipeService.UOM"
	}
}]