[{
	"ID": "00a4c48c-0dfc-4507-abc6-9b54a431b788",
	"layoutItemId": "d6a820a4-d2dd-4104-b460-c0b6263ab6b0",
	"categoryName": "categoryName 1",
	"subCategoryName": "subCategoryName 1",
	"UOM": "UOM 1",
	"fixedColumn": true,
	"columnOrder": 6043,
	"IsActiveEntity": true,
	"HasActiveEntity": false,
	"HasDraftEntity": false,
	"DraftAdministrativeData_DraftUUID": "49940771-7ef2-4c45-82f0-3da2f909b93a",
	"__metadata": {
		"uri": "ColumnsSelectedInLayout(ID=guid'00a4c48c-0dfc-4507-abc6-9b54a431b788',IsActiveEntity=true)",
		"type": "ManageLayoutService.ColumnsSelectedInLayout"
	},
	"layoutItem": {
		"__deferred": {
			"uri": "ColumnsSelectedInLayout(ID=guid'00a4c48c-0dfc-4507-abc6-9b54a431b788',IsActiveEntity=true)/layoutItem"
		}
	},
	"DraftAdministrativeData": {
		"__deferred": {
			"uri": "ColumnsSelectedInLayout(ID=guid'00a4c48c-0dfc-4507-abc6-9b54a431b788',IsActiveEntity=true)/DraftAdministrativeData"
		}
	},
	"SiblingEntity": {
		"__deferred": {
			"uri": "ColumnsSelectedInLayout(ID=guid'00a4c48c-0dfc-4507-abc6-9b54a431b788',IsActiveEntity=true)/SiblingEntity"
		}
	}
}, {
	"ID": "bfdfa469-78cd-44b8-ac65-7530dd17c45c",
	"layoutItemId": "d6a820a4-d2dd-4104-b460-c0b6263ab6b0",
	"categoryName": "categoryName 2",
	"subCategoryName": "subCategoryName 2",
	"UOM": "UOM 2",
	"fixedColumn": false,
	"columnOrder": 4782,
	"IsActiveEntity": true,
	"HasActiveEntity": false,
	"HasDraftEntity": false,
	"DraftAdministrativeData_DraftUUID": "49940771-7ef2-4c45-82f0-3da2f909b93a",
	"__metadata": {
		"uri": "ColumnsSelectedInLayout(ID=guid'bfdfa469-78cd-44b8-ac65-7530dd17c45c',IsActiveEntity=true)",
		"type": "ManageLayoutService.ColumnsSelectedInLayout"
	},
	"layoutItem": {
		"__deferred": {
			"uri": "ColumnsSelectedInLayout(ID=guid'bfdfa469-78cd-44b8-ac65-7530dd17c45c',IsActiveEntity=true)/layoutItem"
		}
	},
	"DraftAdministrativeData": {
		"__deferred": {
			"uri": "ColumnsSelectedInLayout(ID=guid'bfdfa469-78cd-44b8-ac65-7530dd17c45c',IsActiveEntity=true)/DraftAdministrativeData"
		}
	},
	"SiblingEntity": {
		"__deferred": {
			"uri": "ColumnsSelectedInLayout(ID=guid'bfdfa469-78cd-44b8-ac65-7530dd17c45c',IsActiveEntity=true)/SiblingEntity"
		}
	}
}, {
	"ID": "b14f718f-4ac1-4211-97d8-8ebd4145aa3b",
	"layoutItemId": "d6a820a4-d2dd-4104-b460-c0b6263ab6b0",
	"categoryName": "categoryName 3",
	"subCategoryName": "subCategoryName 3",
	"UOM": "UOM 3",
	"fixedColumn": false,
	"columnOrder": 5449,
	"IsActiveEntity": true,
	"HasActiveEntity": false,
	"HasDraftEntity": false,
	"DraftAdministrativeData_DraftUUID": "49940771-7ef2-4c45-82f0-3da2f909b93a",
	"__metadata": {
		"uri": "ColumnsSelectedInLayout(ID=guid'b14f718f-4ac1-4211-97d8-8ebd4145aa3b',IsActiveEntity=true)",
		"type": "ManageLayoutService.ColumnsSelectedInLayout"
	},
	"layoutItem": {
		"__deferred": {
			"uri": "ColumnsSelectedInLayout(ID=guid'b14f718f-4ac1-4211-97d8-8ebd4145aa3b',IsActiveEntity=true)/layoutItem"
		}
	},
	"DraftAdministrativeData": {
		"__deferred": {
			"uri": "ColumnsSelectedInLayout(ID=guid'b14f718f-4ac1-4211-97d8-8ebd4145aa3b',IsActiveEntity=true)/DraftAdministrativeData"
		}
	},
	"SiblingEntity": {
		"__deferred": {
			"uri": "ColumnsSelectedInLayout(ID=guid'b14f718f-4ac1-4211-97d8-8ebd4145aa3b',IsActiveEntity=true)/SiblingEntity"
		}
	}
}, {
	"ID": "f340abaa-acf0-42f8-8432-04307c9e409e",
	"layoutItemId": "aa52c108-e771-46af-937c-f96b47afdb61",
	"categoryName": "categoryName 4",
	"subCategoryName": "subCategoryName 4",
	"UOM": "UOM 4",
	"fixedColumn": true,
	"columnOrder": 7566,
	"IsActiveEntity": false,
	"HasActiveEntity": false,
	"HasDraftEntity": false,
	"DraftAdministrativeData_DraftUUID": "be619c30-7243-4630-96a9-0199e01876c6",
	"__metadata": {
		"uri": "ColumnsSelectedInLayout(ID=guid'f340abaa-acf0-42f8-8432-04307c9e409e',IsActiveEntity=true)",
		"type": "ManageLayoutService.ColumnsSelectedInLayout"
	},
	"layoutItem": {
		"__deferred": {
			"uri": "ColumnsSelectedInLayout(ID=guid'f340abaa-acf0-42f8-8432-04307c9e409e',IsActiveEntity=true)/layoutItem"
		}
	},
	"DraftAdministrativeData": {
		"__deferred": {
			"uri": "ColumnsSelectedInLayout(ID=guid'f340abaa-acf0-42f8-8432-04307c9e409e',IsActiveEntity=true)/DraftAdministrativeData"
		}
	},
	"SiblingEntity": {
		"__deferred": {
			"uri": "ColumnsSelectedInLayout(ID=guid'f340abaa-acf0-42f8-8432-04307c9e409e',IsActiveEntity=true)/SiblingEntity"
		}
	}
}, {
	"ID": "7f33bba1-7e88-4d42-91ce-b4f9eee9a1f3",
	"layoutItemId": "aa52c108-e771-46af-937c-f96b47afdb61-8991-4e82-9d99-b5c5a36ce08b",
	"categoryName": "categoryName 5",
	"subCategoryName": "subCategoryName 5",
	"UOM": "UOM 5",
	"fixedColumn": false,
	"columnOrder": 8708,
	"IsActiveEntity": false,
	"HasActiveEntity": false,
	"HasDraftEntity": false,
	"DraftAdministrativeData_DraftUUID": "be619c30-7243-4630-96a9-0199e01876c6",
	"__metadata": {
		"uri": "ColumnsSelectedInLayout(ID=guid'7f33bba1-7e88-4d42-91ce-b4f9eee9a1f3',IsActiveEntity=false)",
		"type": "ManageLayoutService.ColumnsSelectedInLayout"
	},
	"layoutItem": {
		"__deferred": {
			"uri": "ColumnsSelectedInLayout(ID=guid'7f33bba1-7e88-4d42-91ce-b4f9eee9a1f3',IsActiveEntity=false)/layoutItem"
		}
	},
	"DraftAdministrativeData": {
		"__deferred": {
			"uri": "ColumnsSelectedInLayout(ID=guid'7f33bba1-7e88-4d42-91ce-b4f9eee9a1f3',IsActiveEntity=false)/DraftAdministrativeData"
		}
	},
	"SiblingEntity": {
		"__deferred": {
			"uri": "ColumnsSelectedInLayout(ID=guid'7f33bba1-7e88-4d42-91ce-b4f9eee9a1f3',IsActiveEntity=false)/SiblingEntity"
		}
	}
}, {
	"ID": "72dc304e-8956-4316-b7f4-277c9adfbd2d",
	"layoutItemId": "aa52c108-e771-46af-937c-f96b47afdb61",
	"categoryName": "categoryName 6",
	"subCategoryName": "subCategoryName 6",
	"UOM": "UOM 6",
	"fixedColumn": false,
	"columnOrder": 2500,
	"IsActiveEntity": false,
	"HasActiveEntity": false,
	"HasDraftEntity": false,
	"DraftAdministrativeData_DraftUUID": "be619c30-7243-4630-96a9-0199e01876c6",
	"__metadata": {
		"uri": "ColumnsSelectedInLayout(ID=guid'72dc304e-8956-4316-b7f4-277c9adfbd2d',IsActiveEntity=true)",
		"type": "ManageLayoutService.ColumnsSelectedInLayout"
	},
	"layoutItem": {
		"__deferred": {
			"uri": "ColumnsSelectedInLayout(ID=guid'72dc304e-8956-4316-b7f4-277c9adfbd2d',IsActiveEntity=true)/layoutItem"
		}
	},
	"DraftAdministrativeData": {
		"__deferred": {
			"uri": "ColumnsSelectedInLayout(ID=guid'72dc304e-8956-4316-b7f4-277c9adfbd2d',IsActiveEntity=true)/DraftAdministrativeData"
		}
	},
	"SiblingEntity": {
		"__deferred": {
			"uri": "ColumnsSelectedInLayout(ID=guid'72dc304e-8956-4316-b7f4-277c9adfbd2d',IsActiveEntity=true)/SiblingEntity"
		}
	}
}, {
	"ID": "99f86472-fb4e-46c1-adc5-145c48b1e552",
	"layoutItemId": "aa52c108-e771-46af-937c-f96b47afdb61",
	"categoryName": "categoryName 7",
	"subCategoryName": "subCategoryName 7",
	"UOM": "UOM 7",
	"fixedColumn": true,
	"columnOrder": 7329,
	"IsActiveEntity": false,
	"HasActiveEntity": false,
	"HasDraftEntity": false,
	"DraftAdministrativeData_DraftUUID": "be619c30-7243-4630-96a9-0199e01876c6",
	"__metadata": {
		"uri": "ColumnsSelectedInLayout(ID=guid'99f86472-fb4e-46c1-adc5-145c48b1e552',IsActiveEntity=true)",
		"type": "ManageLayoutService.ColumnsSelectedInLayout"
	},
	"layoutItem": {
		"__deferred": {
			"uri": "ColumnsSelectedInLayout(ID=guid'99f86472-fb4e-46c1-adc5-145c48b1e552',IsActiveEntity=true)/layoutItem"
		}
	},
	"DraftAdministrativeData": {
		"__deferred": {
			"uri": "ColumnsSelectedInLayout(ID=guid'99f86472-fb4e-46c1-adc5-145c48b1e552',IsActiveEntity=true)/DraftAdministrativeData"
		}
	},
	"SiblingEntity": {
		"__deferred": {
			"uri": "ColumnsSelectedInLayout(ID=guid'99f86472-fb4e-46c1-adc5-145c48b1e552',IsActiveEntity=true)/SiblingEntity"
		}
	}
}, {
	"ID": "f551afab-4e12-4a55-90ef-5d9d9c8b26b6",
	"layoutItemId": "2f6f18ab-a33d-4d7e-b7a6-af280bd6e3c3",
	"categoryName": "categoryName 8",
	"subCategoryName": "subCategoryName 8",
	"UOM": "UOM 8",
	"fixedColumn": true,
	"columnOrder": 5370,
	"IsActiveEntity": true,
	"HasActiveEntity": false,
	"HasDraftEntity": false,
	"DraftAdministrativeData_DraftUUID": "dab74fee-f881-48d9-914e-578f85217030",
	"__metadata": {
		"uri": "ColumnsSelectedInLayout(ID=guid'f551afab-4e12-4a55-90ef-5d9d9c8b26b6',IsActiveEntity=false)",
		"type": "ManageLayoutService.ColumnsSelectedInLayout"
	},
	"layoutItem": {
		"__deferred": {
			"uri": "ColumnsSelectedInLayout(ID=guid'f551afab-4e12-4a55-90ef-5d9d9c8b26b6',IsActiveEntity=false)/layoutItem"
		}
	},
	"DraftAdministrativeData": {
		"__deferred": {
			"uri": "ColumnsSelectedInLayout(ID=guid'f551afab-4e12-4a55-90ef-5d9d9c8b26b6',IsActiveEntity=false)/DraftAdministrativeData"
		}
	},
	"SiblingEntity": {
		"__deferred": {
			"uri": "ColumnsSelectedInLayout(ID=guid'f551afab-4e12-4a55-90ef-5d9d9c8b26b6',IsActiveEntity=false)/SiblingEntity"
		}
	}
}, {
	"ID": "d02eb1ab-dfa2-4910-aff7-1eaf20ece636",
	"layoutItemId": "aacc95f4-cdef-47ac-9ee2-c987902800b8",
	"categoryName": "categoryName 9",
	"subCategoryName": "subCategoryName 9",
	"UOM": "UOM 9",
	"fixedColumn": true,
	"columnOrder": 4086,
	"IsActiveEntity": true,
	"HasActiveEntity": false,
	"HasDraftEntity": false,
	"DraftAdministrativeData_DraftUUID": "c4fff781-9024-473f-bacb-9ea59906ee82",
	"__metadata": {
		"uri": "ColumnsSelectedInLayout(ID=guid'd02eb1ab-dfa2-4910-aff7-1eaf20ece636',IsActiveEntity=false)",
		"type": "ManageLayoutService.ColumnsSelectedInLayout"
	},
	"layoutItem": {
		"__deferred": {
			"uri": "ColumnsSelectedInLayout(ID=guid'd02eb1ab-dfa2-4910-aff7-1eaf20ece636',IsActiveEntity=false)/layoutItem"
		}
	},
	"DraftAdministrativeData": {
		"__deferred": {
			"uri": "ColumnsSelectedInLayout(ID=guid'd02eb1ab-dfa2-4910-aff7-1eaf20ece636',IsActiveEntity=false)/DraftAdministrativeData"
		}
	},
	"SiblingEntity": {
		"__deferred": {
			"uri": "ColumnsSelectedInLayout(ID=guid'd02eb1ab-dfa2-4910-aff7-1eaf20ece636',IsActiveEntity=false)/SiblingEntity"
		}
	}
}, {
	"ID": "c13e3f8e-b0a3-4acc-b3e7-83d9ea4c3108",
	"layoutItemId": "b7d293b7-c97c-4c27-9365-1dc6b69d2bd1",
	"categoryName": "categoryName 10",
	"subCategoryName": "subCategoryName 10",
	"UOM": "UOM 10",
	"fixedColumn": false,
	"columnOrder": 7640,
	"IsActiveEntity": true,
	"HasActiveEntity": false,
	"HasDraftEntity": false,
	"DraftAdministrativeData_DraftUUID": "63ec395f-2bd7-4856-9b31-58b3d87f1c0f",
	"__metadata": {
		"uri": "ColumnsSelectedInLayout(ID=guid'c13e3f8e-b0a3-4acc-b3e7-83d9ea4c3108',IsActiveEntity=false)",
		"type": "ManageLayoutService.ColumnsSelectedInLayout"
	},
	"layoutItem": {
		"__deferred": {
			"uri": "ColumnsSelectedInLayout(ID=guid'c13e3f8e-b0a3-4acc-b3e7-83d9ea4c3108',IsActiveEntity=false)/layoutItem"
		}
	},
	"DraftAdministrativeData": {
		"__deferred": {
			"uri": "ColumnsSelectedInLayout(ID=guid'c13e3f8e-b0a3-4acc-b3e7-83d9ea4c3108',IsActiveEntity=false)/DraftAdministrativeData"
		}
	},
	"SiblingEntity": {
		"__deferred": {
			"uri": "ColumnsSelectedInLayout(ID=guid'c13e3f8e-b0a3-4acc-b3e7-83d9ea4c3108',IsActiveEntity=false)/SiblingEntity"
		}
	}
}]