[{
	"DraftUUID": "be619c30-7243-4630-96a9-0199e01876c6",
	"CreationDateTime": "/Date(967752109000+0000)/",
	"CreatedByUser": "CreatedByUser 1",
	"DraftIsCreatedByMe": false,
	"LastChangeDateTime": "/Date(1114200109000+0000)/",
	"LastChangedByUser": "LastChangedByUser 1",
	"InProcessByUser": "InProcessByUser 1",
	"DraftIsProcessedByMe": false,
	"__metadata": {
		"uri": "DraftAdministrativeData(guid'3de340d6-7800-412b-9f0c-22f5003d8c86')",
		"type": "ManageLayoutService.DraftAdministrativeData"
	}
}]