[{
	"ID": 792,
	"typeName": "typeName 1",
	"__metadata": {
		"uri": "LayoutType(792)",
		"type": "ManageLayoutService.LayoutType"
	}
}, {
	"ID": 9443,
	"typeName": "typeName 2",
	"__metadata": {
		"uri": "LayoutType(9443)",
		"type": "ManageLayoutService.LayoutType"
	}
}, {
	"ID": 1898,
	"typeName": "typeName 3",
	"__metadata": {
		"uri": "LayoutType(1898)",
		"type": "ManageLayoutService.LayoutType"
	}
}, {
	"ID": 1082,
	"typeName": "typeName 4",
	"__metadata": {
		"uri": "LayoutType(1082)",
		"type": "ManageLayoutService.LayoutType"
	}
}, {
	"ID": 6618,
	"typeName": "typeName 5",
	"__metadata": {
		"uri": "LayoutType(6618)",
		"type": "ManageLayoutService.LayoutType"
	}
}, {
	"ID": 2383,
	"typeName": "typeName 6",
	"__metadata": {
		"uri": "LayoutType(2383)",
		"type": "ManageLayoutService.LayoutType"
	}
}, {
	"ID": 8548,
	"typeName": "typeName 7",
	"__metadata": {
		"uri": "LayoutType(8548)",
		"type": "ManageLayoutService.LayoutType"
	}
}, {
	"ID": 6959,
	"typeName": "typeName 8",
	"__metadata": {
		"uri": "LayoutType(6959)",
		"type": "ManageLayoutService.LayoutType"
	}
}, {
	"ID": 251,
	"typeName": "typeName 9",
	"__metadata": {
		"uri": "LayoutType(251)",
		"type": "ManageLayoutService.LayoutType"
	}
}, {
	"ID": 5925,
	"typeName": "typeName 10",
	"__metadata": {
		"uri": "LayoutType(5925)",
		"type": "ManageLayoutService.LayoutType"
	}
}]