[{
	"createdAt": "/Date(1532796029000+0000)/",
	"createdBy": "createdBy 21",
	"modifiedAt": "/Date(1278088829000+0000)/",
	"modifiedBy": "modifiedBy 21",
	"ID": "d6a820a4-d2dd-4104-b460-c0b6263ab6b0",
	"layoutName": "layoutName 21",
	"description": "description 21",
	"defaultFlag": false,
	"layoutType": "layoutType 21",
	"refernceQuanity": 7.116640027812932,
	"UOM": "KG",
	"defaultFlagCriticality": 9983,
	"IsActiveEntity": true,
	"HasActiveEntity": false,
	"HasDraftEntity": false,
	"DraftAdministrativeData_DraftUUID": "49940771-7ef2-4c45-82f0-3da2f909b93a",
	"undefined": "d6a820a4-d2dd-4104-b460-c0b6263ab6b0",
	"__metadata": {
		"uri": "LayoutInformation(ID=guid'd6a820a4-d2dd-4104-b460-c0b6263ab6b0',IsActiveEntity=true)",
		"type": "ManageLayoutService.LayoutInformation"
	},
	"columnsSelectedInLayout": {
		"__deferred": {
			"uri": "LayoutInformation(ID=guid'd6a820a4-d2dd-4104-b460-c0b6263ab6b0',IsActiveEntity=true)/columnsSelectedInLayout"
		}
	},
	"DraftAdministrativeData": {
		"__deferred": {
			"uri": "LayoutInformation(ID=guid'd6a820a4-d2dd-4104-b460-c0b6263ab6b0',IsActiveEntity=true)/DraftAdministrativeData"
		}
	},
	"SiblingEntity": {
		"__deferred": {
			"uri": "LayoutInformation(ID=guid'd6a820a4-d2dd-4104-b460-c0b6263ab6b0',IsActiveEntity=true)/SiblingEntity"
		}
	}
}, {
	"createdAt": "/Date(1495039229000+0000)/",
	"createdBy": "createdBy 22",
	"modifiedAt": "/Date(1036773629000+0000)/",
	"modifiedBy": "modifiedBy 22",
	"ID": "aa52c108-e771-46af-937c-f96b47afdb61",
	"layoutName": "layoutName 22",
	"description": "description 22",
	"defaultFlag": true,
	"layoutType": "layoutType 22",
	"refernceQuanity": 3.1891140806076845,
	"UOM": "KG",
	"defaultFlagCriticality": 6173,
	"IsActiveEntity": false,
	"HasActiveEntity": false,
	"HasDraftEntity": false,
	"DraftAdministrativeData_DraftUUID": "be619c30-7243-4630-96a9-0199e01876c6",
	"undefined": "aa52c108-e771-46af-937c-f96b47afdb61",
	"__metadata": {
		"uri": "LayoutInformation(ID=guid'aa52c108-e771-46af-937c-f96b47afdb61',IsActiveEntity=false)",
		"type": "ManageLayoutService.LayoutInformation"
	},
	"columnsSelectedInLayout": {
		"__deferred": {
			"uri": "LayoutInformation(ID=guid'aa52c108-e771-46af-937c-f96b47afdb61',IsActiveEntity=false)/columnsSelectedInLayout"
		}
	},
	"DraftAdministrativeData": {
		"__deferred": {
			"uri": "LayoutInformation(ID=guid'aa52c108-e771-46af-937c-f96b47afdb61',IsActiveEntity=false)/DraftAdministrativeData"
		}
	},
	"SiblingEntity": {
		"__deferred": {
			"uri": "LayoutInformation(ID=guid'aa52c108-e771-46af-937c-f96b47afdb61',IsActiveEntity=false)/SiblingEntity"
		}
	}
}, {
	"createdAt": "/Date(1184431229000+0000)/",
	"createdBy": "createdBy 23",
	"modifiedAt": "/Date(1557938429000+0000)/",
	"modifiedBy": "modifiedBy 23",
	"ID": "3df9eefe-21ec-4565-a94b-0da3a97cd86f",
	"layoutName": "layoutName 23",
	"description": "description 23",
	"defaultFlag": false,
	"layoutType": "layoutType 23",
	"refernceQuanity": 2.884416162999069,
	"UOM": "UOM 23",
	"defaultFlagCriticality": 299,
	"IsActiveEntity": true,
	"HasActiveEntity": false,
	"HasDraftEntity": false,
	"DraftAdministrativeData_DraftUUID": "ee0a3e18-df58-4f74-bef1-2146a02a334b",
	"undefined": "3df9eefe-21ec-4565-a94b-0da3a97cd86f",
	"__metadata": {
		"uri": "LayoutInformation(ID=guid'3df9eefe-21ec-4565-a94b-0da3a97cd86f',IsActiveEntity=false)",
		"type": "ManageLayoutService.LayoutInformation"
	},
	"columnsSelectedInLayout": {
		"__deferred": {
			"uri": "LayoutInformation(ID=guid'3df9eefe-21ec-4565-a94b-0da3a97cd86f',IsActiveEntity=false)/columnsSelectedInLayout"
		}
	},
	"DraftAdministrativeData": {
		"__deferred": {
			"uri": "LayoutInformation(ID=guid'3df9eefe-21ec-4565-a94b-0da3a97cd86f',IsActiveEntity=false)/DraftAdministrativeData"
		}
	},
	"SiblingEntity": {
		"__deferred": {
			"uri": "LayoutInformation(ID=guid'3df9eefe-21ec-4565-a94b-0da3a97cd86f',IsActiveEntity=false)/SiblingEntity"
		}
	}
}, {
	"createdAt": "/Date(1054572029000+0000)/",
	"createdBy": "createdBy 24",
	"modifiedAt": "/Date(947263229000+0000)/",
	"modifiedBy": "modifiedBy 24",
	"ID": "c42834d1-bcb0-4285-b1d5-4439a3cab9fa",
	"layoutName": "layoutName 24",
	"description": "description 24",
	"defaultFlag": true,
	"layoutType": "layoutType 24",
	"refernceQuanity": 6.67320341243086,
	"UOM": "UOM 24",
	"defaultFlagCriticality": 9916,
	"IsActiveEntity": true,
	"HasActiveEntity": false,
	"HasDraftEntity": false,
	"DraftAdministrativeData_DraftUUID": "44b7a307-7748-4464-ad8d-25e297fa6048",
	"undefined": "c42834d1-bcb0-4285-b1d5-4439a3cab9fa",
	"__metadata": {
		"uri": "LayoutInformation(ID=guid'c42834d1-bcb0-4285-b1d5-4439a3cab9fa',IsActiveEntity=false)",
		"type": "ManageLayoutService.LayoutInformation"
	},
	"columnsSelectedInLayout": {
		"__deferred": {
			"uri": "LayoutInformation(ID=guid'c42834d1-bcb0-4285-b1d5-4439a3cab9fa',IsActiveEntity=false)/columnsSelectedInLayout"
		}
	},
	"DraftAdministrativeData": {
		"__deferred": {
			"uri": "LayoutInformation(ID=guid'c42834d1-bcb0-4285-b1d5-4439a3cab9fa',IsActiveEntity=false)/DraftAdministrativeData"
		}
	},
	"SiblingEntity": {
		"__deferred": {
			"uri": "LayoutInformation(ID=guid'c42834d1-bcb0-4285-b1d5-4439a3cab9fa',IsActiveEntity=false)/SiblingEntity"
		}
	}
}, {
	"createdAt": "/Date(1485967229000+0000)/",
	"createdBy": "createdBy 25",
	"modifiedAt": "/Date(1516552829000+0000)/",
	"modifiedBy": "modifiedBy 25",
	"ID": "eedbdf4b-ddef-4459-b643-ca17af85d2f8",
	"layoutName": "layoutName 25",
	"description": "description 25",
	"defaultFlag": false,
	"layoutType": "layoutType 25",
	"refernceQuanity": 3.05052455227661,
	"UOM": "UOM 25",
	"defaultFlagCriticality": 7279,
	"IsActiveEntity": true,
	"HasActiveEntity": false,
	"HasDraftEntity": false,
	"DraftAdministrativeData_DraftUUID": "3b94b22f-5864-4bd4-864b-5e3f5bfdce34",
	"undefined": "eedbdf4b-ddef-4459-b643-ca17af85d2f8",
	"__metadata": {
		"uri": "LayoutInformation(ID=guid'eedbdf4b-ddef-4459-b643-ca17af85d2f8',IsActiveEntity=true)",
		"type": "ManageLayoutService.LayoutInformation"
	},
	"columnsSelectedInLayout": {
		"__deferred": {
			"uri": "LayoutInformation(ID=guid'eedbdf4b-ddef-4459-b643-ca17af85d2f8',IsActiveEntity=true)/columnsSelectedInLayout"
		}
	},
	"DraftAdministrativeData": {
		"__deferred": {
			"uri": "LayoutInformation(ID=guid'eedbdf4b-ddef-4459-b643-ca17af85d2f8',IsActiveEntity=true)/DraftAdministrativeData"
		}
	},
	"SiblingEntity": {
		"__deferred": {
			"uri": "LayoutInformation(ID=guid'eedbdf4b-ddef-4459-b643-ca17af85d2f8',IsActiveEntity=true)/SiblingEntity"
		}
	}
}, {
	"createdAt": "/Date(1353516029000+0000)/",
	"createdBy": "createdBy 26",
	"modifiedAt": "/Date(1550508029000+0000)/",
	"modifiedBy": "modifiedBy 26",
	"ID": "bbb45124-07ef-497e-9f62-c4cfb3c2166d",
	"layoutName": "layoutName 26",
	"description": "description 26",
	"defaultFlag": true,
	"layoutType": "layoutType 26",
	"refernceQuanity": 2.114016098428103,
	"UOM": "UOM 26",
	"defaultFlagCriticality": 1140,
	"IsActiveEntity": true,
	"HasActiveEntity": false,
	"HasDraftEntity": false,
	"DraftAdministrativeData_DraftUUID": "5b8ae08c-fdbf-40ee-b56f-3869ccccb402",
	"undefined": "bbb45124-07ef-497e-9f62-c4cfb3c2166d",
	"__metadata": {
		"uri": "LayoutInformation(ID=guid'bbb45124-07ef-497e-9f62-c4cfb3c2166d',IsActiveEntity=false)",
		"type": "ManageLayoutService.LayoutInformation"
	},
	"columnsSelectedInLayout": {
		"__deferred": {
			"uri": "LayoutInformation(ID=guid'bbb45124-07ef-497e-9f62-c4cfb3c2166d',IsActiveEntity=false)/columnsSelectedInLayout"
		}
	},
	"DraftAdministrativeData": {
		"__deferred": {
			"uri": "LayoutInformation(ID=guid'bbb45124-07ef-497e-9f62-c4cfb3c2166d',IsActiveEntity=false)/DraftAdministrativeData"
		}
	},
	"SiblingEntity": {
		"__deferred": {
			"uri": "LayoutInformation(ID=guid'bbb45124-07ef-497e-9f62-c4cfb3c2166d',IsActiveEntity=false)/SiblingEntity"
		}
	}
}, {
	"createdAt": "/Date(1293986429000+0000)/",
	"createdBy": "createdBy 27",
	"modifiedAt": "/Date(1546101629000+0000)/",
	"modifiedBy": "modifiedBy 27",
	"ID": "373232fe-5c8a-4adb-95c4-d92abecb02d7",
	"layoutName": "layoutName 27",
	"description": "description 27",
	"defaultFlag": false,
	"layoutType": "layoutType 27",
	"refernceQuanity": 0.8656869654936403,
	"UOM": "UOM 27",
	"defaultFlagCriticality": 9131,
	"IsActiveEntity": true,
	"HasActiveEntity": false,
	"HasDraftEntity": false,
	"DraftAdministrativeData_DraftUUID": "74a8950e-d6cb-43aa-96fe-860edf00a485",
	"undefined": "373232fe-5c8a-4adb-95c4-d92abecb02d7",
	"__metadata": {
		"uri": "LayoutInformation(ID=guid'373232fe-5c8a-4adb-95c4-d92abecb02d7',IsActiveEntity=true)",
		"type": "ManageLayoutService.LayoutInformation"
	},
	"columnsSelectedInLayout": {
		"__deferred": {
			"uri": "LayoutInformation(ID=guid'373232fe-5c8a-4adb-95c4-d92abecb02d7',IsActiveEntity=true)/columnsSelectedInLayout"
		}
	},
	"DraftAdministrativeData": {
		"__deferred": {
			"uri": "LayoutInformation(ID=guid'373232fe-5c8a-4adb-95c4-d92abecb02d7',IsActiveEntity=true)/DraftAdministrativeData"
		}
	},
	"SiblingEntity": {
		"__deferred": {
			"uri": "LayoutInformation(ID=guid'373232fe-5c8a-4adb-95c4-d92abecb02d7',IsActiveEntity=true)/SiblingEntity"
		}
	}
}, {
	"createdAt": "/Date(1259772029000+0000)/",
	"createdBy": "createdBy 28",
	"modifiedAt": "/Date(1330447229000+0000)/",
	"modifiedBy": "modifiedBy 28",
	"ID": "f82c1b3d-5cc1-46e2-b451-fbe0bf90cb0c",
	"layoutName": "layoutName 28",
	"description": "description 28",
	"defaultFlag": true,
	"layoutType": "layoutType 28",
	"refernceQuanity": 7.131286922867365,
	"UOM": "UOM 28",
	"defaultFlagCriticality": 2057,
	"IsActiveEntity": true,
	"HasActiveEntity": false,
	"HasDraftEntity": false,
	"DraftAdministrativeData_DraftUUID": "af0ce6ba-f211-446e-8967-04d295f7c7d6",
	"undefined": "f82c1b3d-5cc1-46e2-b451-fbe0bf90cb0c",
	"__metadata": {
		"uri": "LayoutInformation(ID=guid'f82c1b3d-5cc1-46e2-b451-fbe0bf90cb0c',IsActiveEntity=false)",
		"type": "ManageLayoutService.LayoutInformation"
	},
	"columnsSelectedInLayout": {
		"__deferred": {
			"uri": "LayoutInformation(ID=guid'f82c1b3d-5cc1-46e2-b451-fbe0bf90cb0c',IsActiveEntity=false)/columnsSelectedInLayout"
		}
	},
	"DraftAdministrativeData": {
		"__deferred": {
			"uri": "LayoutInformation(ID=guid'f82c1b3d-5cc1-46e2-b451-fbe0bf90cb0c',IsActiveEntity=false)/DraftAdministrativeData"
		}
	},
	"SiblingEntity": {
		"__deferred": {
			"uri": "LayoutInformation(ID=guid'f82c1b3d-5cc1-46e2-b451-fbe0bf90cb0c',IsActiveEntity=false)/SiblingEntity"
		}
	}
}, {
	"createdAt": "/Date(972664829000+0000)/",
	"createdBy": "createdBy 29",
	"modifiedAt": "/Date(1489336829000+0000)/",
	"modifiedBy": "modifiedBy 29",
	"ID": "3283e6cc-1610-4810-b757-b70e4c567449",
	"layoutName": "layoutName 29",
	"description": "description 29",
	"defaultFlag": true,
	"layoutType": "layoutType 29",
	"refernceQuanity": 4.6690271968953025,
	"UOM": "UOM 29",
	"defaultFlagCriticality": 6976,
	"IsActiveEntity": true,
	"HasActiveEntity": false,
	"HasDraftEntity": false,
	"DraftAdministrativeData_DraftUUID": "4dc19668-03dd-4470-8586-228b0c2a5573",
	"undefined": "3283e6cc-1610-4810-b757-b70e4c567449",
	"__metadata": {
		"uri": "LayoutInformation(ID=guid'3283e6cc-1610-4810-b757-b70e4c567449',IsActiveEntity=false)",
		"type": "ManageLayoutService.LayoutInformation"
	},
	"columnsSelectedInLayout": {
		"__deferred": {
			"uri": "LayoutInformation(ID=guid'3283e6cc-1610-4810-b757-b70e4c567449',IsActiveEntity=false)/columnsSelectedInLayout"
		}
	},
	"DraftAdministrativeData": {
		"__deferred": {
			"uri": "LayoutInformation(ID=guid'3283e6cc-1610-4810-b757-b70e4c567449',IsActiveEntity=false)/DraftAdministrativeData"
		}
	},
	"SiblingEntity": {
		"__deferred": {
			"uri": "LayoutInformation(ID=guid'3283e6cc-1610-4810-b757-b70e4c567449',IsActiveEntity=false)/SiblingEntity"
		}
	}
}, {
	"createdAt": "/Date(1219164029000+0000)/",
	"createdBy": "createdBy 30",
	"modifiedAt": "/Date(1440261629000+0000)/",
	"modifiedBy": "modifiedBy 30",
	"ID": "bcc05353-ba49-48c5-8700-e436e49af9a3",
	"layoutName": "layoutName 30",
	"description": "description 30",
	"defaultFlag": true,
	"layoutType": "layoutType 30",
	"refernceQuanity": 5.584734511347149,
	"UOM": "UOM 30",
	"defaultFlagCriticality": 244,
	"IsActiveEntity": true,
	"HasActiveEntity": false,
	"HasDraftEntity": false,
	"DraftAdministrativeData_DraftUUID": "6beb8de9-f398-415b-affd-6cbb8ec35f81",
	"undefined": "bcc05353-ba49-48c5-8700-e436e49af9a3",
	"__metadata": {
		"uri": "LayoutInformation(ID=guid'bcc05353-ba49-48c5-8700-e436e49af9a3',IsActiveEntity=true)",
		"type": "ManageLayoutService.LayoutInformation"
	},
	"columnsSelectedInLayout": {
		"__deferred": {
			"uri": "LayoutInformation(ID=guid'bcc05353-ba49-48c5-8700-e436e49af9a3',IsActiveEntity=true)/columnsSelectedInLayout"
		}
	},
	"DraftAdministrativeData": {
		"__deferred": {
			"uri": "LayoutInformation(ID=guid'bcc05353-ba49-48c5-8700-e436e49af9a3',IsActiveEntity=true)/DraftAdministrativeData"
		}
	},
	"SiblingEntity": {
		"__deferred": {
			"uri": "LayoutInformation(ID=guid'bcc05353-ba49-48c5-8700-e436e49af9a3',IsActiveEntity=true)/SiblingEntity"
		}
	}
}]