<edmx:Edmx xmlns:edmx="http://schemas.microsoft.com/ado/2007/06/edmx" xmlns:sap="http://www.sap.com/Protocols/SAPData"
	xmlns:ux="http://www.sap.com/Protocols/OData4SAP/UX" xmlns:gp="http://www.sap.com/Protocols/SAPData/GenericPlayer" Version="1.0">
	<edmx:Reference xmlns:edmx="http://docs.oasis-open.org/odata/ns/edmx"
		Uri="https://oasis-tcs.github.io/odata-vocabularies/vocabularies/Org.OData.Capabilities.V1.xml">
		<edmx:Include Alias="Capabilities" Namespace="Org.OData.Capabilities.V1"/>
	</edmx:Reference>
	<edmx:Reference xmlns:edmx="http://docs.oasis-open.org/odata/ns/edmx"
		Uri="https://wiki.scn.sap.com/wiki/download/attachments/448470974/Common.xml?api=v2">
		<edmx:Include Alias="Common" Namespace="com.sap.vocabularies.Common.v1"/>
	</edmx:Reference>
	<edmx:Reference xmlns:edmx="http://docs.oasis-open.org/odata/ns/edmx"
		Uri="https://oasis-tcs.github.io/odata-vocabularies/vocabularies/Org.OData.Core.V1.xml">
		<edmx:Include Alias="Core" Namespace="Org.OData.Core.V1"/>
	</edmx:Reference>
	<edmx:Reference xmlns:edmx="http://docs.oasis-open.org/odata/ns/edmx"
		Uri="https://wiki.scn.sap.com/wiki/download/attachments/448470968/UI.xml?api=v2">
		<edmx:Include Alias="UI" Namespace="com.sap.vocabularies.UI.v1"/>
	</edmx:Reference>
	<edmx:DataServices xmlns:m="http://schemas.microsoft.com/ado/2007/08/dataservices/metadata" m:DataServiceVersion="2.0">
		<Schema xmlns="http://schemas.microsoft.com/ado/2008/09/edm" Namespace="ComplianceEvaluatorService">
			<EntityType Name="Country">
				<Key>
					<PropertyRef Name="ID"/>
				</Key>
				<Property Name="ID" Type="Edm.Int32" Nullable="false"/>
				<Property Name="countryName" Type="Edm.String"/>
			</EntityType>
			<EntityType Name="DraftAdministrativeData">
				<Key>
					<PropertyRef Name="DraftUUID"/>
				</Key>
				<Property Name="DraftUUID" Type="Edm.Guid" Nullable="false"/>
				<Property Name="CreationDateTime" Type="Edm.DateTimeOffset" Precision="7"/>
				<Property Name="CreatedByUser" Type="Edm.String" MaxLength="256"/>
				<Property Name="DraftIsCreatedByMe" Type="Edm.Boolean"/>
				<Property Name="LastChangeDateTime" Type="Edm.DateTimeOffset" Precision="7"/>
				<Property Name="LastChangedByUser" Type="Edm.String" MaxLength="256"/>
				<Property Name="InProcessByUser" Type="Edm.String" MaxLength="256"/>
				<Property Name="DraftIsProcessedByMe" Type="Edm.Boolean"/>
			</EntityType>
			<EntityType Name="Evaluation">
				<Key>
					<PropertyRef Name="evaluationID"/>
					<PropertyRef Name="IsActiveEntity"/>
				</Key>
				<Property Name="modifiedAt" Type="Edm.DateTimeOffset"/>
				<Property Name="createdAt" Type="Edm.DateTimeOffset"/>
				<Property Name="createdBy" Type="Edm.String" MaxLength="255"/>
				<Property Name="modifiedBy" Type="Edm.String" MaxLength="255"/>
				<Property Name="evaluationID" Type="Edm.Guid" Nullable="false" sap:quickinfo="Evaluation ID"/>
				<Property Name="evaluationName" Type="Edm.String"/>
				<Property Name="brief" Type="Edm.String"/>
				<Property Name="sellingMarket" Type="Edm.String"/>
				<Property Name="validFrom" Type="Edm.DateTime" sap:filter-restriction="interval" sap:display-format="Date"/>
				<Property Name="validTo" Type="Edm.DateTime" sap:filter-restriction="interval" sap:display-format="Date"/>
				<Property Name="recipeCount" Type="Edm.Int32"/>
				<Property Name="evalStatus" Type="Edm.String"/>
				<Property Name="compliantRecipeCount" Type="Edm.Int32"/>
				<Property Name="recipeCriticalityIndicator" Type="Edm.Int32"/>
				<Property Name="nextEvalStatus" Type="Edm.String"/>
				<Property Name="criticality" Type="Edm.Int32"/>
				<Property Name="IsActiveEntity" Type="Edm.Boolean" Nullable="false"/>
				<Property Name="HasActiveEntity" Type="Edm.Boolean" Nullable="false"/>
				<Property Name="HasDraftEntity" Type="Edm.Boolean" Nullable="false"/>
				<Property Name="DraftAdministrativeData_DraftUUID" Type="Edm.Guid"/>
				<NavigationProperty Name="recipe" Relationship="ComplianceEvaluatorService.Recipe_evaluationRecipe" FromRole="Evaluation" ToRole="Recipe"/>
				<NavigationProperty Name="market" Relationship="ComplianceEvaluatorService.EvaluationSellingMarket_EVALUATIONMARKET" FromRole="Evaluation"
					ToRole="EvaluationSellingMarket"/>
				<NavigationProperty Name="purpose" Relationship="ComplianceEvaluatorService.Purpose_evaluationPurpose" FromRole="Evaluation"
					ToRole="Purpose"/>
				<NavigationProperty Name="DraftAdministrativeData" Relationship="ComplianceEvaluatorService.Evaluation_DraftAdministrativeData"
					FromRole="Evaluation" ToRole="DraftAdministrativeData"/>
				<NavigationProperty Name="SiblingEntity" Relationship="ComplianceEvaluatorService.Evaluation_SiblingEntity" FromRole="Evaluation"
					ToRole="Evaluation1"/>
			</EntityType>
			<EntityType Name="EvaluationSellingMarket">
				<Key>
					<PropertyRef Name="ID"/>
					<PropertyRef Name="IsActiveEntity"/>
				</Key>
				<Property Name="ID" Type="Edm.Guid" Nullable="false"/>
				<Property Name="evaluationID" Type="Edm.Guid"/>
				<Property Name="sellingMarketID" Type="Edm.String"/>
				<Property Name="sellingMarket" Type="Edm.String"/>
				<Property Name="IsActiveEntity" Type="Edm.Boolean" Nullable="false"/>
				<Property Name="HasActiveEntity" Type="Edm.Boolean" Nullable="false"/>
				<Property Name="HasDraftEntity" Type="Edm.Boolean" Nullable="false"/>
				<Property Name="DraftAdministrativeData_DraftUUID" Type="Edm.Guid"/>
				<NavigationProperty Name="EVALUATIONMARKET" Relationship="ComplianceEvaluatorService.EvaluationSellingMarket_EVALUATIONMARKET"
					FromRole="EvaluationSellingMarket" ToRole="Evaluation"/>
				<NavigationProperty Name="DraftAdministrativeData" Relationship="ComplianceEvaluatorService.EvaluationSellingMarket_DraftAdministrativeData"
					FromRole="EvaluationSellingMarket" ToRole="DraftAdministrativeData"/>
				<NavigationProperty Name="SiblingEntity" Relationship="ComplianceEvaluatorService.EvaluationSellingMarket_SiblingEntity"
					FromRole="EvaluationSellingMarket" ToRole="EvaluationSellingMarket1"/>
			</EntityType>
			<EntityType Name="EvaluationStatus">
				<Key>
					<PropertyRef Name="ID"/>
				</Key>
				<Property Name="ID" Type="Edm.Int32" Nullable="false"/>
				<Property Name="status" Type="Edm.String"/>
				<Property Name="nextStatus" Type="Edm.String"/>
			</EntityType>
			<EntityType Name="MasterPurpose">
				<Key>
					<PropertyRef Name="ID"/>
				</Key>
				<Property Name="ID" Type="Edm.Guid" Nullable="false"/>
				<Property Name="purpose" Type="Edm.String"/>
				<Property Name="noOfRequirements" Type="Edm.Int32"/>
				<Property Name="activationStatus" Type="Edm.String"/>
				<Property Name="createdBy" Type="Edm.String"/>
				<Property Name="createdOn" Type="Edm.String"/>
			</EntityType>
			<EntityType Name="MasterRecipe">
				<Key>
					<PropertyRef Name="recipeUUID"/>
				</Key>
				<Property Name="recipeUUID" Type="Edm.Guid" Nullable="false"/>
				<Property Name="recipeDescription" Type="Edm.String"/>
				<Property Name="validityArea" Type="Edm.String"/>
				<Property Name="validityDate" Type="Edm.String"/>
				<Property Name="recipeType" Type="Edm.String"/>
				<Property Name="recipeTypeDesc" Type="Edm.String"/>
				<Property Name="recipeStatus" Type="Edm.String" sap:updatable="false"/>
				<Property Name="recipeStatusDesc" Type="Edm.String"/>
				<Property Name="createdBy" Type="Edm.String" sap:updatable="false"/>
				<Property Name="createdOn" Type="Edm.String" sap:updatable="false"/>
				<Property Name="changedBy" Type="Edm.String" sap:updatable="false"/>
				<Property Name="changedOn" Type="Edm.String" sap:updatable="false"/>
			</EntityType>
			<EntityType Name="Purpose">
				<Key>
					<PropertyRef Name="ID"/>
					<PropertyRef Name="IsActiveEntity"/>
				</Key>
				<Property Name="ID" Type="Edm.Guid" Nullable="false" sap:updatable="false"/>
				<Property Name="purposeId" Type="Edm.String" sap:updatable="false"/>
				<Property Name="evaluationID" Type="Edm.Guid" sap:updatable="false"/>
				<Property Name="purpose" Type="Edm.String" sap:updatable="false"/>
				<Property Name="requirement" Type="Edm.String" sap:updatable="false"/>
				<Property Name="requirementID" Type="Edm.String" sap:updatable="false"/>
				<Property Name="purposeType" Type="Edm.String" sap:updatable="false"/>
				<Property Name="addedOn" Type="Edm.DateTime" sap:updatable="false" sap:display-format="Date"/>
				<Property Name="addedBy" Type="Edm.String" sap:updatable="false"/>
				<Property Name="validityArea" Type="Edm.String" sap:updatable="false"/>
				<Property Name="IsActiveEntity" Type="Edm.Boolean" Nullable="false"/>
				<Property Name="HasActiveEntity" Type="Edm.Boolean" Nullable="false"/>
				<Property Name="HasDraftEntity" Type="Edm.Boolean" Nullable="false"/>
				<Property Name="DraftAdministrativeData_DraftUUID" Type="Edm.Guid"/>
				<NavigationProperty Name="evaluationPurpose" Relationship="ComplianceEvaluatorService.Purpose_evaluationPurpose" FromRole="Purpose"
					ToRole="Evaluation"/>
				<NavigationProperty Name="DraftAdministrativeData" Relationship="ComplianceEvaluatorService.Purpose_DraftAdministrativeData"
					FromRole="Purpose" ToRole="DraftAdministrativeData"/>
				<NavigationProperty Name="SiblingEntity" Relationship="ComplianceEvaluatorService.Purpose_SiblingEntity" FromRole="Purpose"
					ToRole="Purpose1"/>
			</EntityType>
			<EntityType Name="Recipe">
				<Key>
					<PropertyRef Name="ID"/>
					<PropertyRef Name="IsActiveEntity"/>
				</Key>
				<Property Name="ID" Type="Edm.Guid" Nullable="false"/>
				<Property Name="evaluationID" Type="Edm.Guid"/>
				<Property Name="recipeDescription" Type="Edm.String" sap:updatable="false"/>
				<Property Name="recipeType" Type="Edm.String" sap:updatable="false"/>
				<Property Name="compliantStatus" Type="Edm.String" sap:updatable="false"/>
				<Property Name="relevantEvaluation" Type="Edm.Boolean"/>
				<Property Name="recipeId" Type="Edm.String"/>
				<Property Name="copyRecipe" Type="Edm.String"/>
				<Property Name="recipeStatus" Type="Edm.String" sap:updatable="false"/>
				<Property Name="createdBy" Type="Edm.String" sap:updatable="false"/>
				<Property Name="createdOn" Type="Edm.String" sap:updatable="false"/>
				<Property Name="changedBy" Type="Edm.String" sap:updatable="false"/>
				<Property Name="changedOn" Type="Edm.String" sap:updatable="false"/>
				<Property Name="IsActiveEntity" Type="Edm.Boolean" Nullable="false"/>
				<Property Name="HasActiveEntity" Type="Edm.Boolean" Nullable="false"/>
				<Property Name="HasDraftEntity" Type="Edm.Boolean" Nullable="false"/>
				<Property Name="DraftAdministrativeData_DraftUUID" Type="Edm.Guid"/>
				<NavigationProperty Name="evaluationRecipe" Relationship="ComplianceEvaluatorService.Recipe_evaluationRecipe" FromRole="Recipe"
					ToRole="Evaluation"/>
				<NavigationProperty Name="DraftAdministrativeData" Relationship="ComplianceEvaluatorService.Recipe_DraftAdministrativeData"
					FromRole="Recipe" ToRole="DraftAdministrativeData"/>
				<NavigationProperty Name="SiblingEntity" Relationship="ComplianceEvaluatorService.Recipe_SiblingEntity" FromRole="Recipe" ToRole="Recipe1"/>
			</EntityType>
			<Association Name="Evaluation_DraftAdministrativeData">
				<End Type="ComplianceEvaluatorService.Evaluation" Multiplicity="*" Role="Evaluation"/>
				<End Type="ComplianceEvaluatorService.DraftAdministrativeData" Multiplicity="0..1" Role="DraftAdministrativeData"/>
				<ReferentialConstraint>
					<Principal Role="DraftAdministrativeData">
						<PropertyRef Name="DraftUUID"/>
					</Principal>
					<Dependent Role="Evaluation">
						<PropertyRef Name="DraftAdministrativeData_DraftUUID"/>
					</Dependent>
				</ReferentialConstraint>
			</Association>
			<Association Name="Evaluation_SiblingEntity">
				<End Type="ComplianceEvaluatorService.Evaluation" Multiplicity="*" Role="Evaluation"/>
				<End Type="ComplianceEvaluatorService.Evaluation" Multiplicity="0..1" Role="Evaluation1"/>
			</Association>
			<Association Name="EvaluationSellingMarket_EVALUATIONMARKET">
				<End Type="ComplianceEvaluatorService.EvaluationSellingMarket" Multiplicity="*" Role="EvaluationSellingMarket">
					<OnDelete Action="Cascade"/>
				</End>
				<End Type="ComplianceEvaluatorService.Evaluation" Multiplicity="0..1" Role="Evaluation"/>
				<ReferentialConstraint>
					<Principal Role="Evaluation">
						<PropertyRef Name="evaluationID"/>
					</Principal>
					<Dependent Role="EvaluationSellingMarket">
						<PropertyRef Name="evaluationID"/>
					</Dependent>
				</ReferentialConstraint>
			</Association>
			<Association Name="EvaluationSellingMarket_DraftAdministrativeData">
				<End Type="ComplianceEvaluatorService.EvaluationSellingMarket" Multiplicity="*" Role="EvaluationSellingMarket"/>
				<End Type="ComplianceEvaluatorService.DraftAdministrativeData" Multiplicity="0..1" Role="DraftAdministrativeData"/>
				<ReferentialConstraint>
					<Principal Role="DraftAdministrativeData">
						<PropertyRef Name="DraftUUID"/>
					</Principal>
					<Dependent Role="EvaluationSellingMarket">
						<PropertyRef Name="DraftAdministrativeData_DraftUUID"/>
					</Dependent>
				</ReferentialConstraint>
			</Association>
			<Association Name="EvaluationSellingMarket_SiblingEntity">
				<End Type="ComplianceEvaluatorService.EvaluationSellingMarket" Multiplicity="*" Role="EvaluationSellingMarket"/>
				<End Type="ComplianceEvaluatorService.EvaluationSellingMarket" Multiplicity="0..1" Role="EvaluationSellingMarket1"/>
			</Association>
			<Association Name="Purpose_evaluationPurpose">
				<End Type="ComplianceEvaluatorService.Purpose" Multiplicity="*" Role="Purpose">
					<OnDelete Action="Cascade"/>
				</End>
				<End Type="ComplianceEvaluatorService.Evaluation" Multiplicity="0..1" Role="Evaluation"/>
				<ReferentialConstraint>
					<Principal Role="Evaluation">
						<PropertyRef Name="evaluationID"/>
					</Principal>
					<Dependent Role="Purpose">
						<PropertyRef Name="evaluationID"/>
					</Dependent>
				</ReferentialConstraint>
			</Association>
			<Association Name="Purpose_DraftAdministrativeData">
				<End Type="ComplianceEvaluatorService.Purpose" Multiplicity="*" Role="Purpose"/>
				<End Type="ComplianceEvaluatorService.DraftAdministrativeData" Multiplicity="0..1" Role="DraftAdministrativeData"/>
				<ReferentialConstraint>
					<Principal Role="DraftAdministrativeData">
						<PropertyRef Name="DraftUUID"/>
					</Principal>
					<Dependent Role="Purpose">
						<PropertyRef Name="DraftAdministrativeData_DraftUUID"/>
					</Dependent>
				</ReferentialConstraint>
			</Association>
			<Association Name="Purpose_SiblingEntity">
				<End Type="ComplianceEvaluatorService.Purpose" Multiplicity="*" Role="Purpose"/>
				<End Type="ComplianceEvaluatorService.Purpose" Multiplicity="0..1" Role="Purpose1"/>
			</Association>
			<Association Name="Recipe_evaluationRecipe">
				<End Type="ComplianceEvaluatorService.Recipe" Multiplicity="*" Role="Recipe">
					<OnDelete Action="Cascade"/>
				</End>
				<End Type="ComplianceEvaluatorService.Evaluation" Multiplicity="0..1" Role="Evaluation"/>
				<ReferentialConstraint>
					<Principal Role="Evaluation">
						<PropertyRef Name="evaluationID"/>
					</Principal>
					<Dependent Role="Recipe">
						<PropertyRef Name="evaluationID"/>
					</Dependent>
				</ReferentialConstraint>
			</Association>
			<Association Name="Recipe_DraftAdministrativeData">
				<End Type="ComplianceEvaluatorService.Recipe" Multiplicity="*" Role="Recipe"/>
				<End Type="ComplianceEvaluatorService.DraftAdministrativeData" Multiplicity="0..1" Role="DraftAdministrativeData"/>
				<ReferentialConstraint>
					<Principal Role="DraftAdministrativeData">
						<PropertyRef Name="DraftUUID"/>
					</Principal>
					<Dependent Role="Recipe">
						<PropertyRef Name="DraftAdministrativeData_DraftUUID"/>
					</Dependent>
				</ReferentialConstraint>
			</Association>
			<Association Name="Recipe_SiblingEntity">
				<End Type="ComplianceEvaluatorService.Recipe" Multiplicity="*" Role="Recipe"/>
				<End Type="ComplianceEvaluatorService.Recipe" Multiplicity="0..1" Role="Recipe1"/>
			</Association>
			<EntityContainer Name="EntityContainer" m:IsDefaultEntityContainer="true">
				<EntitySet Name="Country" EntityType="ComplianceEvaluatorService.Country"/>
				<EntitySet Name="DraftAdministrativeData" EntityType="ComplianceEvaluatorService.DraftAdministrativeData"/>
				<EntitySet Name="Evaluation" EntityType="ComplianceEvaluatorService.Evaluation"/>
				<EntitySet Name="EvaluationSellingMarket" EntityType="ComplianceEvaluatorService.EvaluationSellingMarket"/>
				<EntitySet Name="EvaluationStatus" EntityType="ComplianceEvaluatorService.EvaluationStatus"/>
				<EntitySet Name="MasterPurpose" EntityType="ComplianceEvaluatorService.MasterPurpose"/>
				<EntitySet Name="MasterRecipe" EntityType="ComplianceEvaluatorService.MasterRecipe"/>
				<EntitySet Name="Purpose" EntityType="ComplianceEvaluatorService.Purpose"/>
				<EntitySet Name="Recipe" EntityType="ComplianceEvaluatorService.Recipe"/>
				<AssociationSet Name="Evaluation_DraftAdministrativeData" Association="ComplianceEvaluatorService.Evaluation_DraftAdministrativeData">
					<End EntitySet="Evaluation" Role="Evaluation"/>
					<End EntitySet="DraftAdministrativeData" Role="DraftAdministrativeData"/>
				</AssociationSet>
				<AssociationSet Name="Evaluation_SiblingEntity" Association="ComplianceEvaluatorService.Evaluation_SiblingEntity">
					<End EntitySet="Evaluation" Role="Evaluation"/>
					<End EntitySet="Evaluation" Role="Evaluation1"/>
				</AssociationSet>
				<AssociationSet Name="EvaluationSellingMarket_EVALUATIONMARKET"
					Association="ComplianceEvaluatorService.EvaluationSellingMarket_EVALUATIONMARKET">
					<End EntitySet="EvaluationSellingMarket" Role="EvaluationSellingMarket"/>
					<End EntitySet="Evaluation" Role="Evaluation"/>
				</AssociationSet>
				<AssociationSet Name="EvaluationSellingMarket_DraftAdministrativeData"
					Association="ComplianceEvaluatorService.EvaluationSellingMarket_DraftAdministrativeData">
					<End EntitySet="EvaluationSellingMarket" Role="EvaluationSellingMarket"/>
					<End EntitySet="DraftAdministrativeData" Role="DraftAdministrativeData"/>
				</AssociationSet>
				<AssociationSet Name="EvaluationSellingMarket_SiblingEntity" Association="ComplianceEvaluatorService.EvaluationSellingMarket_SiblingEntity">
					<End EntitySet="EvaluationSellingMarket" Role="EvaluationSellingMarket"/>
					<End EntitySet="EvaluationSellingMarket" Role="EvaluationSellingMarket1"/>
				</AssociationSet>
				<AssociationSet Name="Purpose_evaluationPurpose" Association="ComplianceEvaluatorService.Purpose_evaluationPurpose">
					<End EntitySet="Purpose" Role="Purpose"/>
					<End EntitySet="Evaluation" Role="Evaluation"/>
				</AssociationSet>
				<AssociationSet Name="Purpose_DraftAdministrativeData" Association="ComplianceEvaluatorService.Purpose_DraftAdministrativeData">
					<End EntitySet="Purpose" Role="Purpose"/>
					<End EntitySet="DraftAdministrativeData" Role="DraftAdministrativeData"/>
				</AssociationSet>
				<AssociationSet Name="Purpose_SiblingEntity" Association="ComplianceEvaluatorService.Purpose_SiblingEntity">
					<End EntitySet="Purpose" Role="Purpose"/>
					<End EntitySet="Purpose" Role="Purpose1"/>
				</AssociationSet>
				<AssociationSet Name="Recipe_evaluationRecipe" Association="ComplianceEvaluatorService.Recipe_evaluationRecipe">
					<End EntitySet="Recipe" Role="Recipe"/>
					<End EntitySet="Evaluation" Role="Evaluation"/>
				</AssociationSet>
				<AssociationSet Name="Recipe_DraftAdministrativeData" Association="ComplianceEvaluatorService.Recipe_DraftAdministrativeData">
					<End EntitySet="Recipe" Role="Recipe"/>
					<End EntitySet="DraftAdministrativeData" Role="DraftAdministrativeData"/>
				</AssociationSet>
				<AssociationSet Name="Recipe_SiblingEntity" Association="ComplianceEvaluatorService.Recipe_SiblingEntity">
					<End EntitySet="Recipe" Role="Recipe"/>
					<End EntitySet="Recipe" Role="Recipe1"/>
				</AssociationSet>
				<FunctionImport Name="Evaluation_draftPrepare" ReturnType="ComplianceEvaluatorService.Evaluation" EntitySet="Evaluation" m:HttpMethod="POST"
					sap:action-for="ComplianceEvaluatorService.Evaluation">
					<Parameter Name="evaluationID" Type="Edm.Guid" Mode="In" Nullable="false" sap:quickinfo="Evaluation ID"/>
					<Parameter Name="IsActiveEntity" Type="Edm.Boolean" Mode="In" Nullable="false"/>
					<Parameter Name="SideEffectsQualifier" Type="Edm.String" Mode="In" Nullable="true"/>
				</FunctionImport>
				<FunctionImport Name="Evaluation_draftActivate" ReturnType="ComplianceEvaluatorService.Evaluation" EntitySet="Evaluation"
					m:HttpMethod="POST" sap:action-for="ComplianceEvaluatorService.Evaluation">
					<Parameter Name="evaluationID" Type="Edm.Guid" Mode="In" Nullable="false" sap:quickinfo="Evaluation ID"/>
					<Parameter Name="IsActiveEntity" Type="Edm.Boolean" Mode="In" Nullable="false"/>
				</FunctionImport>
				<FunctionImport Name="Evaluation_draftEdit" ReturnType="ComplianceEvaluatorService.Evaluation" EntitySet="Evaluation" m:HttpMethod="POST"
					sap:action-for="ComplianceEvaluatorService.Evaluation">
					<Parameter Name="evaluationID" Type="Edm.Guid" Mode="In" Nullable="false" sap:quickinfo="Evaluation ID"/>
					<Parameter Name="IsActiveEntity" Type="Edm.Boolean" Mode="In" Nullable="false"/>
					<Parameter Name="PreserveChanges" Type="Edm.Boolean" Mode="In" Nullable="true"/>
				</FunctionImport>
				<FunctionImport Name="EvaluationSellingMarket_draftPrepare" ReturnType="ComplianceEvaluatorService.EvaluationSellingMarket"
					EntitySet="EvaluationSellingMarket" m:HttpMethod="POST" sap:action-for="ComplianceEvaluatorService.EvaluationSellingMarket">
					<Parameter Name="ID" Type="Edm.Guid" Mode="In" Nullable="false"/>
					<Parameter Name="IsActiveEntity" Type="Edm.Boolean" Mode="In" Nullable="false"/>
					<Parameter Name="SideEffectsQualifier" Type="Edm.String" Mode="In" Nullable="true"/>
				</FunctionImport>
				<FunctionImport Name="Purpose_draftPrepare" ReturnType="ComplianceEvaluatorService.Purpose" EntitySet="Purpose" m:HttpMethod="POST"
					sap:action-for="ComplianceEvaluatorService.Purpose">
					<Parameter Name="ID" Type="Edm.Guid" Mode="In" Nullable="false" sap:updatable="false"/>
					<Parameter Name="IsActiveEntity" Type="Edm.Boolean" Mode="In" Nullable="false"/>
					<Parameter Name="SideEffectsQualifier" Type="Edm.String" Mode="In" Nullable="true"/>
				</FunctionImport>
				<FunctionImport Name="Recipe_draftPrepare" ReturnType="ComplianceEvaluatorService.Recipe" EntitySet="Recipe" m:HttpMethod="POST"
					sap:action-for="ComplianceEvaluatorService.Recipe">
					<Parameter Name="ID" Type="Edm.Guid" Mode="In" Nullable="false"/>
					<Parameter Name="IsActiveEntity" Type="Edm.Boolean" Mode="In" Nullable="false"/>
					<Parameter Name="SideEffectsQualifier" Type="Edm.String" Mode="In" Nullable="true"/>
				</FunctionImport>
				<FunctionImport Name="addPurpose" ReturnType="Edm.String" m:HttpMethod="GET">
					<Parameter Name="evaluationID" Type="Edm.String" Mode="In" Nullable="true"/>
					<Parameter Name="purposeId" Type="Edm.String" Mode="In" Nullable="true"/>
					<Parameter Name="purpose" Type="Edm.String" Mode="In" Nullable="true"/>
					<Parameter Name="purposeType" Type="Edm.String" Mode="In" Nullable="true"/>
					<Parameter Name="requirement" Type="Edm.String" Mode="In" Nullable="true"/>
					<Parameter Name="requirementID" Type="Edm.String" Mode="In" Nullable="true"/>
					<Parameter Name="addedBy" Type="Edm.String" Mode="In" Nullable="true"/>
				</FunctionImport>
				<FunctionImport Name="addRecipe" ReturnType="Edm.String" m:HttpMethod="GET">
					<Parameter Name="evaluationID" Type="Edm.String" Mode="In" Nullable="true"/>
					<Parameter Name="recipeId" Type="Edm.String" Mode="In" Nullable="true"/>
					<Parameter Name="recipeDescription" Type="Edm.String" Mode="In" Nullable="true"/>
					<Parameter Name="recipeType" Type="Edm.String" Mode="In" Nullable="true"/>
					<Parameter Name="recipeStatus" Type="Edm.String" Mode="In" Nullable="true"/>
				</FunctionImport>
				<FunctionImport Name="copyRecipe" ReturnType="Edm.String" m:HttpMethod="GET">
					<Parameter Name="evaluationID" Type="Edm.String" Mode="In" Nullable="true"/>
					<Parameter Name="recipeId" Type="Edm.String" Mode="In" Nullable="true"/>
					<Parameter Name="recipeDescription" Type="Edm.String" Mode="In" Nullable="true"/>
					<Parameter Name="recipeType" Type="Edm.String" Mode="In" Nullable="true"/>
					<Parameter Name="recipeStatus" Type="Edm.String" Mode="In" Nullable="true"/>
				</FunctionImport>
				<FunctionImport Name="evaluationStatusSave" ReturnType="Edm.Boolean" m:HttpMethod="GET">
					<Parameter Name="EVALUATION_ID" Type="Edm.String" Mode="In" Nullable="true"/>
					<Parameter Name="evalStatus" Type="Edm.String" Mode="In" Nullable="true"/>
				</FunctionImport>
				<FunctionImport Name="readRecipe" ReturnType="Edm.Boolean" m:HttpMethod="GET">
					<Parameter Name="RecipeUUID" Type="Edm.String" Mode="In" Nullable="true"/>
				</FunctionImport>
				<FunctionImport Name="updateSellignMarket" ReturnType="Edm.Boolean" m:HttpMethod="GET">
					<Parameter Name="EVALUATION_ID" Type="Edm.String" Mode="In" Nullable="true"/>
					<Parameter Name="sellingMarket" Type="Edm.String" Mode="In" Nullable="true"/>
				</FunctionImport>
			</EntityContainer>
			<Annotations xmlns="http://docs.oasis-open.org/odata/ns/edm" Target="ComplianceEvaluatorService.Country/ID">
				<Annotation xmlns="http://docs.oasis-open.org/odata/ns/edm" Term="UI.Hidden" Bool="true"/>
			</Annotations>
			<Annotations xmlns="http://docs.oasis-open.org/odata/ns/edm" Target="ComplianceEvaluatorService.Country/countryName">
				<Annotation xmlns="http://docs.oasis-open.org/odata/ns/edm" Term="Common.Label" String="Country"/>
			</Annotations>
			<Annotations xmlns="http://docs.oasis-open.org/odata/ns/edm" Target="ComplianceEvaluatorService.Evaluation">
				<Annotation xmlns="http://docs.oasis-open.org/odata/ns/edm" Term="Common.Label" String="Evaluation "/>
				<Annotation xmlns="http://docs.oasis-open.org/odata/ns/edm" Term="UI.Chart" Qualifier="recipee">
					<Record xmlns="http://docs.oasis-open.org/odata/ns/edm" Type="UI.ChartDefinitionType">
						<PropertyValue xmlns="http://docs.oasis-open.org/odata/ns/edm" Property="ChartType" EnumMember="UI.ChartType/Donut"/>
						<PropertyValue xmlns="http://docs.oasis-open.org/odata/ns/edm" Property="Label" String="Overall Compliance"/>
						<PropertyValue xmlns="http://docs.oasis-open.org/odata/ns/edm" Property="MeasureAttributes">
							<Collection xmlns="http://docs.oasis-open.org/odata/ns/edm">
								<Record xmlns="http://docs.oasis-open.org/odata/ns/edm" Type="UI.ChartMeasureAttributeType">
									<PropertyValue xmlns="http://docs.oasis-open.org/odata/ns/edm" Property="DataPoint" AnnotationPath="@UI.DataPoint#recipeedata"/>
								</Record>
							</Collection>
						</PropertyValue>
						<PropertyValue xmlns="http://docs.oasis-open.org/odata/ns/edm" Property="Measures">
							<Collection xmlns="http://docs.oasis-open.org/odata/ns/edm">
								<PropertyPath xmlns="http://docs.oasis-open.org/odata/ns/edm">compliantRecipeCount</PropertyPath>
							</Collection>
						</PropertyValue>
						<PropertyValue xmlns="http://docs.oasis-open.org/odata/ns/edm" Property="Title" String="Overall Compliance"/>
					</Record>
				</Annotation>
				<Annotation xmlns="http://docs.oasis-open.org/odata/ns/edm" Term="UI.DataPoint" Qualifier="recipeedata">
					<Record xmlns="http://docs.oasis-open.org/odata/ns/edm" Type="UI.DataPointType">
						<PropertyValue xmlns="http://docs.oasis-open.org/odata/ns/edm" Property="Criticality" Path="recipeCriticalityIndicator"/>
						<PropertyValue xmlns="http://docs.oasis-open.org/odata/ns/edm" Property="TargetValue" Path="recipeCount"/>
						<PropertyValue xmlns="http://docs.oasis-open.org/odata/ns/edm" Property="Title" String="Overall Compliance"/>
						<PropertyValue xmlns="http://docs.oasis-open.org/odata/ns/edm" Property="Value" Path="compliantRecipeCount"/>
					</Record>
				</Annotation>
				<Annotation xmlns="http://docs.oasis-open.org/odata/ns/edm" Term="UI.DataPoint" Qualifier="status">
					<Record xmlns="http://docs.oasis-open.org/odata/ns/edm" Type="UI.DataPointType">
						<PropertyValue xmlns="http://docs.oasis-open.org/odata/ns/edm" Property="Criticality" Path="criticality"/>
						<PropertyValue xmlns="http://docs.oasis-open.org/odata/ns/edm" Property="Title" String="Evaluation Status"/>
						<PropertyValue xmlns="http://docs.oasis-open.org/odata/ns/edm" Property="Value" Path="evalStatus"/>
					</Record>
				</Annotation>
				<Annotation xmlns="http://docs.oasis-open.org/odata/ns/edm" Term="UI.Facets">
					<Collection xmlns="http://docs.oasis-open.org/odata/ns/edm">
						<Record xmlns="http://docs.oasis-open.org/odata/ns/edm" Type="UI.CollectionFacet">
							<PropertyValue xmlns="http://docs.oasis-open.org/odata/ns/edm" Property="Facets">
								<Collection xmlns="http://docs.oasis-open.org/odata/ns/edm">
									<Record xmlns="http://docs.oasis-open.org/odata/ns/edm" Type="UI.CollectionFacet">
										<PropertyValue xmlns="http://docs.oasis-open.org/odata/ns/edm" Property="ID" String="IDRecipe"/>
										<PropertyValue xmlns="http://docs.oasis-open.org/odata/ns/edm" Property="Facets">
											<Collection xmlns="http://docs.oasis-open.org/odata/ns/edm">
												<Record xmlns="http://docs.oasis-open.org/odata/ns/edm" Type="UI.ReferenceFacet">
													<PropertyValue xmlns="http://docs.oasis-open.org/odata/ns/edm" Property="Label" String="Recipes"/>
													<PropertyValue xmlns="http://docs.oasis-open.org/odata/ns/edm" Property="Target" AnnotationPath="recipe/@UI.LineItem#recipe"/>
												</Record>
											</Collection>
										</PropertyValue>
										<PropertyValue xmlns="http://docs.oasis-open.org/odata/ns/edm" Property="Label" String="Recipes"/>
									</Record>
									<Record xmlns="http://docs.oasis-open.org/odata/ns/edm" Type="UI.CollectionFacet">
										<PropertyValue xmlns="http://docs.oasis-open.org/odata/ns/edm" Property="ID" String="IDCompliance"/>
										<PropertyValue xmlns="http://docs.oasis-open.org/odata/ns/edm" Property="Facets">
											<Collection xmlns="http://docs.oasis-open.org/odata/ns/edm">
												<Record xmlns="http://docs.oasis-open.org/odata/ns/edm" Type="UI.ReferenceFacet">
													<PropertyValue xmlns="http://docs.oasis-open.org/odata/ns/edm" Property="Label" String="Purpose for Evaluation"/>
													<PropertyValue xmlns="http://docs.oasis-open.org/odata/ns/edm" Property="Target" AnnotationPath="purpose/@UI.LineItem#purpose"/>
												</Record>
											</Collection>
										</PropertyValue>
										<PropertyValue xmlns="http://docs.oasis-open.org/odata/ns/edm" Property="Label" String="Compliance Purpose and Requirements"/>
									</Record>
								</Collection>
							</PropertyValue>
							<PropertyValue xmlns="http://docs.oasis-open.org/odata/ns/edm" Property="Label" String="Evaluation Details"/>
							<PropertyValue xmlns="http://docs.oasis-open.org/odata/ns/edm" Property="ID" String="IDEvaluation"/>
						</Record>
						<Record xmlns="http://docs.oasis-open.org/odata/ns/edm" Type="UI.ReferenceFacet">
							<PropertyValue xmlns="http://docs.oasis-open.org/odata/ns/edm" Property="Label" String="Participants"/>
							<PropertyValue xmlns="http://docs.oasis-open.org/odata/ns/edm" Property="Target" AnnotationPath=""/>
							<PropertyValue xmlns="http://docs.oasis-open.org/odata/ns/edm" Property="ID" String="IDParticipant"/>
						</Record>
					</Collection>
				</Annotation>
				<Annotation xmlns="http://docs.oasis-open.org/odata/ns/edm" Term="UI.FieldGroup" Qualifier="Status">
					<Record xmlns="http://docs.oasis-open.org/odata/ns/edm" Type="UI.FieldGroupType">
						<PropertyValue xmlns="http://docs.oasis-open.org/odata/ns/edm" Property="Data">
							<Collection xmlns="http://docs.oasis-open.org/odata/ns/edm">
								<Record xmlns="http://docs.oasis-open.org/odata/ns/edm" Type="UI.DataField">
									<PropertyValue xmlns="http://docs.oasis-open.org/odata/ns/edm" Property="Value" Path="evalStatus"/>
								</Record>
								<Record xmlns="http://docs.oasis-open.org/odata/ns/edm" Type="UI.DataFieldForAnnotation">
									<PropertyValue xmlns="http://docs.oasis-open.org/odata/ns/edm" Property="Target" AnnotationPath="@UI.DataPoint#status"/>
								</Record>
							</Collection>
						</PropertyValue>
					</Record>
				</Annotation>
				<Annotation xmlns="http://docs.oasis-open.org/odata/ns/edm" Term="UI.FieldGroup" Qualifier="Summary">
					<Record xmlns="http://docs.oasis-open.org/odata/ns/edm" Type="UI.FieldGroupType">
						<PropertyValue xmlns="http://docs.oasis-open.org/odata/ns/edm" Property="Data">
							<Collection xmlns="http://docs.oasis-open.org/odata/ns/edm">
								<Record xmlns="http://docs.oasis-open.org/odata/ns/edm" Type="UI.DataField">
									<PropertyValue xmlns="http://docs.oasis-open.org/odata/ns/edm" Property="Value" Path="brief"/>
								</Record>
							</Collection>
						</PropertyValue>
					</Record>
				</Annotation>
				<Annotation xmlns="http://docs.oasis-open.org/odata/ns/edm" Term="UI.FieldGroup" Qualifier="validity">
					<Record xmlns="http://docs.oasis-open.org/odata/ns/edm" Type="UI.FieldGroupType">
						<PropertyValue xmlns="http://docs.oasis-open.org/odata/ns/edm" Property="Data">
							<Collection xmlns="http://docs.oasis-open.org/odata/ns/edm">
								<Record xmlns="http://docs.oasis-open.org/odata/ns/edm" Type="UI.DataField">
									<PropertyValue xmlns="http://docs.oasis-open.org/odata/ns/edm" Property="Value" Path="market/sellingMarket"/>
								</Record>
								<Record xmlns="http://docs.oasis-open.org/odata/ns/edm" Type="UI.DataField">
									<PropertyValue xmlns="http://docs.oasis-open.org/odata/ns/edm" Property="Value" Path="sellingMarket"/>
								</Record>
								<Record xmlns="http://docs.oasis-open.org/odata/ns/edm" Type="UI.DataField">
									<PropertyValue xmlns="http://docs.oasis-open.org/odata/ns/edm" Property="Value" Path="validFrom"/>
								</Record>
								<Record xmlns="http://docs.oasis-open.org/odata/ns/edm" Type="UI.DataField">
									<PropertyValue xmlns="http://docs.oasis-open.org/odata/ns/edm" Property="Value" Path="validTo"/>
								</Record>
							</Collection>
						</PropertyValue>
					</Record>
				</Annotation>
				<Annotation xmlns="http://docs.oasis-open.org/odata/ns/edm" Term="UI.HeaderFacets">
					<Collection xmlns="http://docs.oasis-open.org/odata/ns/edm">
						<Record xmlns="http://docs.oasis-open.org/odata/ns/edm" Type="UI.ReferenceFacet">
							<PropertyValue xmlns="http://docs.oasis-open.org/odata/ns/edm" Property="Target" AnnotationPath="@UI.FieldGroup#Summary"/>
							<PropertyValue xmlns="http://docs.oasis-open.org/odata/ns/edm" Property="Label" String="Evaluation Summary"/>
						</Record>
						<Record xmlns="http://docs.oasis-open.org/odata/ns/edm" Type="UI.ReferenceFacet">
							<PropertyValue xmlns="http://docs.oasis-open.org/odata/ns/edm" Property="Target" AnnotationPath="@UI.FieldGroup#validity"/>
						</Record>
						<Record xmlns="http://docs.oasis-open.org/odata/ns/edm" Type="UI.ReferenceFacet">
							<PropertyValue xmlns="http://docs.oasis-open.org/odata/ns/edm" Property="Label" String="Overall Compliance"/>
							<PropertyValue xmlns="http://docs.oasis-open.org/odata/ns/edm" Property="Target" AnnotationPath="@UI.Chart#recipee"/>
						</Record>
						<Record xmlns="http://docs.oasis-open.org/odata/ns/edm" Type="UI.ReferenceFacet">
							<PropertyValue xmlns="http://docs.oasis-open.org/odata/ns/edm" Property="Target" AnnotationPath="@UI.DataPoint#status"/>
							<PropertyValue xmlns="http://docs.oasis-open.org/odata/ns/edm" Property="Label" String="Evaluation Status"/>
						</Record>
					</Collection>
				</Annotation>
				<Annotation xmlns="http://docs.oasis-open.org/odata/ns/edm" Term="UI.HeaderInfo">
					<Record xmlns="http://docs.oasis-open.org/odata/ns/edm" Type="UI.HeaderInfoType">
						<PropertyValue xmlns="http://docs.oasis-open.org/odata/ns/edm" Property="Description">
							<Record xmlns="http://docs.oasis-open.org/odata/ns/edm" Type="UI.DataField">
								<PropertyValue xmlns="http://docs.oasis-open.org/odata/ns/edm" Property="Value" Path="evaluationID"/>
							</Record>
						</PropertyValue>
						<PropertyValue xmlns="http://docs.oasis-open.org/odata/ns/edm" Property="Title">
							<Record xmlns="http://docs.oasis-open.org/odata/ns/edm" Type="UI.DataField">
								<PropertyValue xmlns="http://docs.oasis-open.org/odata/ns/edm" Property="Value" Path="evaluationName"/>
							</Record>
						</PropertyValue>
						<PropertyValue xmlns="http://docs.oasis-open.org/odata/ns/edm" Property="TypeName" String="Compliance Evaluator"/>
						<PropertyValue xmlns="http://docs.oasis-open.org/odata/ns/edm" Property="TypeNamePlural" String="Evaluation Sheets"/>
					</Record>
				</Annotation>
				<Annotation xmlns="http://docs.oasis-open.org/odata/ns/edm" Term="UI.Identification">
					<Collection xmlns="http://docs.oasis-open.org/odata/ns/edm">
						<Record xmlns="http://docs.oasis-open.org/odata/ns/edm" Type="UI.DataFieldForAction">
							<PropertyValue xmlns="http://docs.oasis-open.org/odata/ns/edm" Property="Action" String=""/>
						</Record>
					</Collection>
				</Annotation>
				<Annotation xmlns="http://docs.oasis-open.org/odata/ns/edm" Term="UI.LineItem">
					<Collection xmlns="http://docs.oasis-open.org/odata/ns/edm">
						<Record xmlns="http://docs.oasis-open.org/odata/ns/edm" Type="UI.DataField">
							<PropertyValue xmlns="http://docs.oasis-open.org/odata/ns/edm" Property="Value" Path="evaluationID"/>
							<PropertyValue xmlns="http://docs.oasis-open.org/odata/ns/edm" Property="Label" String="Evaluation Sheet Name"/>
						</Record>
						<Record xmlns="http://docs.oasis-open.org/odata/ns/edm" Type="UI.DataField">
							<PropertyValue xmlns="http://docs.oasis-open.org/odata/ns/edm" Property="Value" Path="sellingMarket"/>
						</Record>
						<Record xmlns="http://docs.oasis-open.org/odata/ns/edm" Type="UI.DataField">
							<PropertyValue xmlns="http://docs.oasis-open.org/odata/ns/edm" Property="Value" Path="validFrom"/>
						</Record>
						<Record xmlns="http://docs.oasis-open.org/odata/ns/edm" Type="UI.DataField">
							<PropertyValue xmlns="http://docs.oasis-open.org/odata/ns/edm" Property="Value" Path="validTo"/>
						</Record>
						<Record xmlns="http://docs.oasis-open.org/odata/ns/edm" Type="UI.DataField">
							<PropertyValue xmlns="http://docs.oasis-open.org/odata/ns/edm" Property="Value" Path="evalStatus"/>
							<PropertyValue xmlns="http://docs.oasis-open.org/odata/ns/edm" Property="Label" String="Evaluation Status"/>
							<PropertyValue xmlns="http://docs.oasis-open.org/odata/ns/edm" Property="Criticality" Path="criticality"/>
						</Record>
						<Record xmlns="http://docs.oasis-open.org/odata/ns/edm" Type="UI.DataFieldForAnnotation">
							<PropertyValue xmlns="http://docs.oasis-open.org/odata/ns/edm" Property="Target" AnnotationPath="@UI.Chart#recipee"/>
							<PropertyValue xmlns="http://docs.oasis-open.org/odata/ns/edm" Property="Label" String="Overall Compliance"/>
						</Record>
					</Collection>
				</Annotation>
				<Annotation xmlns="http://docs.oasis-open.org/odata/ns/edm" Term="UI.SelectionFields">
					<Collection xmlns="http://docs.oasis-open.org/odata/ns/edm">
						<PropertyPath xmlns="http://docs.oasis-open.org/odata/ns/edm">evaluationName</PropertyPath>
						<PropertyPath xmlns="http://docs.oasis-open.org/odata/ns/edm">sellingMarket</PropertyPath>
						<PropertyPath xmlns="http://docs.oasis-open.org/odata/ns/edm">validFrom</PropertyPath>
						<PropertyPath xmlns="http://docs.oasis-open.org/odata/ns/edm">validTo</PropertyPath>
					</Collection>
				</Annotation>
			</Annotations>
			<Annotations xmlns="http://docs.oasis-open.org/odata/ns/edm" Target="ComplianceEvaluatorService.EntityContainer/Evaluation">
				<Annotation xmlns="http://docs.oasis-open.org/odata/ns/edm" Term="Capabilities.FilterRestrictions">
					<Record xmlns="http://docs.oasis-open.org/odata/ns/edm" Type="Capabilities.FilterRestrictionsType">
						<PropertyValue xmlns="http://docs.oasis-open.org/odata/ns/edm" Property="FilterExpressionRestrictions">
							<Collection xmlns="http://docs.oasis-open.org/odata/ns/edm">
								<Record xmlns="http://docs.oasis-open.org/odata/ns/edm" Type="Capabilities.FilterExpressionRestrictionType">
									<PropertyValue xmlns="http://docs.oasis-open.org/odata/ns/edm" Property="Property" PropertyPath="validFrom"/>
									<PropertyValue xmlns="http://docs.oasis-open.org/odata/ns/edm" Property="AllowedExpressions" String="SingleValue"/>
									<PropertyValue xmlns="http://docs.oasis-open.org/odata/ns/edm" Property="multipleSelections" Bool="false"/>
								</Record>
								<Record xmlns="http://docs.oasis-open.org/odata/ns/edm" Type="Capabilities.FilterExpressionRestrictionType">
									<PropertyValue xmlns="http://docs.oasis-open.org/odata/ns/edm" Property="Property" PropertyPath="validTo"/>
									<PropertyValue xmlns="http://docs.oasis-open.org/odata/ns/edm" Property="AllowedExpressions" String="SingleValue"/>
									<PropertyValue xmlns="http://docs.oasis-open.org/odata/ns/edm" Property="multipleSelections" Bool="false"/>
								</Record>
							</Collection>
						</PropertyValue>
					</Record>
				</Annotation>
				<Annotation xmlns="http://docs.oasis-open.org/odata/ns/edm" Term="Capabilities.SearchRestrictions">
					<Record xmlns="http://docs.oasis-open.org/odata/ns/edm" Type="Capabilities.SearchRestrictionsType">
						<PropertyValue xmlns="http://docs.oasis-open.org/odata/ns/edm" Property="Searchable" Bool="true"/>
					</Record>
				</Annotation>
				<Annotation xmlns="http://docs.oasis-open.org/odata/ns/edm" Term="Common.DraftRoot">
					<Record xmlns="http://docs.oasis-open.org/odata/ns/edm" Type="Common.DraftRootType">
						<PropertyValue xmlns="http://docs.oasis-open.org/odata/ns/edm" Property="ActivationAction"
							String="ComplianceEvaluatorService.EntityContainer/Evaluation_draftActivate"/>
						<PropertyValue xmlns="http://docs.oasis-open.org/odata/ns/edm" Property="EditAction"
							String="ComplianceEvaluatorService.EntityContainer/Evaluation_draftEdit"/>
						<PropertyValue xmlns="http://docs.oasis-open.org/odata/ns/edm" Property="PreparationAction"
							String="ComplianceEvaluatorService.EntityContainer/Evaluation_draftPrepare"/>
					</Record>
				</Annotation>
			</Annotations>
			<Annotations xmlns="http://docs.oasis-open.org/odata/ns/edm" Target="ComplianceEvaluatorService.Evaluation/modifiedAt">
				<Annotation xmlns="http://docs.oasis-open.org/odata/ns/edm" Term="Common.Label" String="Changed At"/>
				<Annotation xmlns="http://docs.oasis-open.org/odata/ns/edm" Term="Core.Computed" Bool="true"/>
				<Annotation xmlns="http://docs.oasis-open.org/odata/ns/edm" Term="Core.Immutable" Bool="true"/>
				<Annotation xmlns="http://docs.oasis-open.org/odata/ns/edm" Term="UI.HiddenFilter" Bool="true"/>
			</Annotations>
			<Annotations xmlns="http://docs.oasis-open.org/odata/ns/edm" Target="ComplianceEvaluatorService.Evaluation/createdAt">
				<Annotation xmlns="http://docs.oasis-open.org/odata/ns/edm" Term="Common.Label" String="Created At"/>
				<Annotation xmlns="http://docs.oasis-open.org/odata/ns/edm" Term="Core.Computed" Bool="true"/>
				<Annotation xmlns="http://docs.oasis-open.org/odata/ns/edm" Term="Core.Immutable" Bool="true"/>
				<Annotation xmlns="http://docs.oasis-open.org/odata/ns/edm" Term="UI.HiddenFilter" Bool="true"/>
			</Annotations>
			<Annotations xmlns="http://docs.oasis-open.org/odata/ns/edm" Target="ComplianceEvaluatorService.Evaluation/createdBy">
				<Annotation xmlns="http://docs.oasis-open.org/odata/ns/edm" Term="Common.Label" String="Created By"/>
				<Annotation xmlns="http://docs.oasis-open.org/odata/ns/edm" Term="Core.Computed" Bool="true"/>
				<Annotation xmlns="http://docs.oasis-open.org/odata/ns/edm" Term="Core.Description" String="A user's unique ID"/>
				<Annotation xmlns="http://docs.oasis-open.org/odata/ns/edm" Term="Core.Immutable" Bool="true"/>
				<Annotation xmlns="http://docs.oasis-open.org/odata/ns/edm" Term="UI.HiddenFilter" Bool="true"/>
			</Annotations>
			<Annotations xmlns="http://docs.oasis-open.org/odata/ns/edm" Target="ComplianceEvaluatorService.Evaluation/modifiedBy">
				<Annotation xmlns="http://docs.oasis-open.org/odata/ns/edm" Term="Common.Label" String="Changed By"/>
				<Annotation xmlns="http://docs.oasis-open.org/odata/ns/edm" Term="Core.Computed" Bool="true"/>
				<Annotation xmlns="http://docs.oasis-open.org/odata/ns/edm" Term="Core.Description" String="A user's unique ID"/>
				<Annotation xmlns="http://docs.oasis-open.org/odata/ns/edm" Term="Core.Immutable" Bool="true"/>
				<Annotation xmlns="http://docs.oasis-open.org/odata/ns/edm" Term="UI.HiddenFilter" Bool="true"/>
			</Annotations>
			<Annotations xmlns="http://docs.oasis-open.org/odata/ns/edm" Target="ComplianceEvaluatorService.Evaluation/evaluationID">
				<Annotation xmlns="http://docs.oasis-open.org/odata/ns/edm" Term="Common.Label" String="Evaluation ID"/>
				<Annotation xmlns="http://docs.oasis-open.org/odata/ns/edm" Term="Common.Text" Path="evaluationName"/>
			</Annotations>
			<Annotations xmlns="http://docs.oasis-open.org/odata/ns/edm" Target="ComplianceEvaluatorService.Evaluation/evaluationName">
				<Annotation xmlns="http://docs.oasis-open.org/odata/ns/edm" Term="Common.FieldControl" EnumMember="Common.FieldControlType/Mandatory"/>
				<Annotation xmlns="http://docs.oasis-open.org/odata/ns/edm" Term="Common.Label" String="Evaluation Sheet Name"/>
				<Annotation xmlns="http://docs.oasis-open.org/odata/ns/edm" Term="UI.Exclude" Bool="true"/>
			</Annotations>
			<Annotations xmlns="http://docs.oasis-open.org/odata/ns/edm" Target="ComplianceEvaluatorService.Evaluation/brief">
				<Annotation xmlns="http://docs.oasis-open.org/odata/ns/edm" Term="Common.Label" String="Evaluation Summary"/>
				<Annotation xmlns="http://docs.oasis-open.org/odata/ns/edm" Term="UI.MultiLineText" Bool="true"/>
			</Annotations>
			<Annotations xmlns="http://docs.oasis-open.org/odata/ns/edm" Target="ComplianceEvaluatorService.Evaluation/sellingMarket">
				<Annotation xmlns="http://docs.oasis-open.org/odata/ns/edm" Term="Common.FieldControl" EnumMember="Common.FieldControlType/Mandatory"/>
				<Annotation xmlns="http://docs.oasis-open.org/odata/ns/edm" Term="Common.Label" String="Selling Market"/>
				<Annotation xmlns="http://docs.oasis-open.org/odata/ns/edm" Term="Common.ValueList">
					<Record xmlns="http://docs.oasis-open.org/odata/ns/edm" Type="Common.ValueListType">
						<PropertyValue xmlns="http://docs.oasis-open.org/odata/ns/edm" Property="CollectionPath" String="Country"/>
						<PropertyValue xmlns="http://docs.oasis-open.org/odata/ns/edm" Property="Label" String="Country"/>
						<PropertyValue xmlns="http://docs.oasis-open.org/odata/ns/edm" Property="Parameters">
							<Collection xmlns="http://docs.oasis-open.org/odata/ns/edm">
								<Record xmlns="http://docs.oasis-open.org/odata/ns/edm" Type="Common.ValueListParameterInOut">
									<PropertyValue xmlns="http://docs.oasis-open.org/odata/ns/edm" Property="LocalDataProperty" PropertyPath="sellingMarket"/>
									<PropertyValue xmlns="http://docs.oasis-open.org/odata/ns/edm" Property="ValueListProperty" String="countryName"/>
								</Record>
								<Record xmlns="http://docs.oasis-open.org/odata/ns/edm" Type="Common.ValueListParameterDisplayOnly">
									<PropertyValue xmlns="http://docs.oasis-open.org/odata/ns/edm" Property="ValueListProperty" String="evaluationID"/>
								</Record>
							</Collection>
						</PropertyValue>
						<PropertyValue xmlns="http://docs.oasis-open.org/odata/ns/edm" Property="SearchSupported" Bool="false"/>
					</Record>
				</Annotation>
				<Annotation xmlns="http://docs.oasis-open.org/odata/ns/edm" Term="Common.ValueListWithFixedValues" Bool="false"/>
			</Annotations>
			<Annotations xmlns="http://docs.oasis-open.org/odata/ns/edm" Target="ComplianceEvaluatorService.Evaluation/validFrom">
				<Annotation xmlns="http://docs.oasis-open.org/odata/ns/edm" Term="Common.Label" String="Compliance From"/>
			</Annotations>
			<Annotations xmlns="http://docs.oasis-open.org/odata/ns/edm" Target="ComplianceEvaluatorService.Evaluation/validTo">
				<Annotation xmlns="http://docs.oasis-open.org/odata/ns/edm" Term="Common.Label" String="Compliance To"/>
			</Annotations>
			<Annotations xmlns="http://docs.oasis-open.org/odata/ns/edm" Target="ComplianceEvaluatorService.Evaluation/recipeCount">
				<Annotation xmlns="http://docs.oasis-open.org/odata/ns/edm" Term="Common.Label" String="Number of Assigned Recipes"/>
				<Annotation xmlns="http://docs.oasis-open.org/odata/ns/edm" Term="UI.Hidden" Bool="true"/>
			</Annotations>
			<Annotations xmlns="http://docs.oasis-open.org/odata/ns/edm" Target="ComplianceEvaluatorService.Evaluation/evalStatus">
				<Annotation xmlns="http://docs.oasis-open.org/odata/ns/edm" Term="Common.Label" String="Evaluation Status"/>
				<Annotation xmlns="http://docs.oasis-open.org/odata/ns/edm" Term="Common.ValueList">
					<Record xmlns="http://docs.oasis-open.org/odata/ns/edm" Type="Common.ValueListType">
						<PropertyValue xmlns="http://docs.oasis-open.org/odata/ns/edm" Property="CollectionPath" String="EvaluationStatus"/>
						<PropertyValue xmlns="http://docs.oasis-open.org/odata/ns/edm" Property="Label" String="Evaluation Status"/>
						<PropertyValue xmlns="http://docs.oasis-open.org/odata/ns/edm" Property="Parameters">
							<Collection xmlns="http://docs.oasis-open.org/odata/ns/edm">
								<Record xmlns="http://docs.oasis-open.org/odata/ns/edm" Type="Common.ValueListParameterInOut">
									<PropertyValue xmlns="http://docs.oasis-open.org/odata/ns/edm" Property="LocalDataProperty" PropertyPath="evalStatus"/>
									<PropertyValue xmlns="http://docs.oasis-open.org/odata/ns/edm" Property="ValueListProperty" String="status"/>
								</Record>
								<Record xmlns="http://docs.oasis-open.org/odata/ns/edm" Type="Common.ValueListParameterDisplayOnly">
									<PropertyValue xmlns="http://docs.oasis-open.org/odata/ns/edm" Property="ValueListProperty" String="evaluationID"/>
								</Record>
							</Collection>
						</PropertyValue>
						<PropertyValue xmlns="http://docs.oasis-open.org/odata/ns/edm" Property="SearchSupported" Bool="false"/>
					</Record>
				</Annotation>
				<Annotation xmlns="http://docs.oasis-open.org/odata/ns/edm" Term="Common.ValueListWithFixedValues" Bool="true"/>
			</Annotations>
			<Annotations xmlns="http://docs.oasis-open.org/odata/ns/edm" Target="ComplianceEvaluatorService.Evaluation/compliantRecipeCount">
				<Annotation xmlns="http://docs.oasis-open.org/odata/ns/edm" Term="Common.Label" String="Recipe Compliance Status"/>
				<Annotation xmlns="http://docs.oasis-open.org/odata/ns/edm" Term="UI.Hidden" Bool="true"/>
			</Annotations>
			<Annotations xmlns="http://docs.oasis-open.org/odata/ns/edm" Target="ComplianceEvaluatorService.Evaluation/recipeCriticalityIndicator">
				<Annotation xmlns="http://docs.oasis-open.org/odata/ns/edm" Term="UI.Hidden" Bool="true"/>
			</Annotations>
			<Annotations xmlns="http://docs.oasis-open.org/odata/ns/edm" Target="ComplianceEvaluatorService.Evaluation/nextEvalStatus">
				<Annotation xmlns="http://docs.oasis-open.org/odata/ns/edm" Term="UI.Hidden" Bool="true"/>
			</Annotations>
			<Annotations xmlns="http://docs.oasis-open.org/odata/ns/edm" Target="ComplianceEvaluatorService.Evaluation/criticality">
				<Annotation xmlns="http://docs.oasis-open.org/odata/ns/edm" Term="UI.Hidden" Bool="true"/>
			</Annotations>
			<Annotations xmlns="http://docs.oasis-open.org/odata/ns/edm" Target="ComplianceEvaluatorService.Evaluation/IsActiveEntity">
				<Annotation xmlns="http://docs.oasis-open.org/odata/ns/edm" Term="UI.Hidden" Bool="true"/>
			</Annotations>
			<Annotations xmlns="http://docs.oasis-open.org/odata/ns/edm" Target="ComplianceEvaluatorService.Evaluation/HasActiveEntity">
				<Annotation xmlns="http://docs.oasis-open.org/odata/ns/edm" Term="UI.Hidden" Bool="true"/>
			</Annotations>
			<Annotations xmlns="http://docs.oasis-open.org/odata/ns/edm" Target="ComplianceEvaluatorService.Evaluation/HasDraftEntity">
				<Annotation xmlns="http://docs.oasis-open.org/odata/ns/edm" Term="UI.Hidden" Bool="true"/>
			</Annotations>
			<Annotations xmlns="http://docs.oasis-open.org/odata/ns/edm"
				Target="ComplianceEvaluatorService.Evaluation/DraftAdministrativeData_DraftUUID">
				<Annotation xmlns="http://docs.oasis-open.org/odata/ns/edm" Term="UI.Hidden" Bool="true"/>
			</Annotations>
			<Annotations xmlns="http://docs.oasis-open.org/odata/ns/edm" Target="ComplianceEvaluatorService.EntityContainer/EvaluationSellingMarket">
				<Annotation xmlns="http://docs.oasis-open.org/odata/ns/edm" Term="Common.DraftNode">
					<Record xmlns="http://docs.oasis-open.org/odata/ns/edm" Type="Common.DraftNodeType">
						<PropertyValue xmlns="http://docs.oasis-open.org/odata/ns/edm" Property="PreparationAction"
							String="ComplianceEvaluatorService.EntityContainer/EvaluationSellingMarket_draftPrepare"/>
					</Record>
				</Annotation>
			</Annotations>
			<Annotations xmlns="http://docs.oasis-open.org/odata/ns/edm" Target="ComplianceEvaluatorService.EvaluationSellingMarket/sellingMarket">
				<Annotation xmlns="http://docs.oasis-open.org/odata/ns/edm" Term="Common.FieldControl" EnumMember="Common.FieldControlType/Mandatory"/>
				<Annotation xmlns="http://docs.oasis-open.org/odata/ns/edm" Term="Common.Label" String="Selling Market"/>
				<Annotation xmlns="http://docs.oasis-open.org/odata/ns/edm" Term="Common.ValueList">
					<Record xmlns="http://docs.oasis-open.org/odata/ns/edm" Type="Common.ValueListType">
						<PropertyValue xmlns="http://docs.oasis-open.org/odata/ns/edm" Property="CollectionPath" String="Country"/>
						<PropertyValue xmlns="http://docs.oasis-open.org/odata/ns/edm" Property="Label" String="Country"/>
						<PropertyValue xmlns="http://docs.oasis-open.org/odata/ns/edm" Property="Parameters">
							<Collection xmlns="http://docs.oasis-open.org/odata/ns/edm">
								<Record xmlns="http://docs.oasis-open.org/odata/ns/edm" Type="Common.ValueListParameterInOut">
									<PropertyValue xmlns="http://docs.oasis-open.org/odata/ns/edm" Property="LocalDataProperty" PropertyPath="sellingMarket"/>
									<PropertyValue xmlns="http://docs.oasis-open.org/odata/ns/edm" Property="ValueListProperty" String="countryName"/>
								</Record>
								<Record xmlns="http://docs.oasis-open.org/odata/ns/edm" Type="Common.ValueListParameterDisplayOnly">
									<PropertyValue xmlns="http://docs.oasis-open.org/odata/ns/edm" Property="ValueListProperty" String="evaluationID"/>
								</Record>
							</Collection>
						</PropertyValue>
						<PropertyValue xmlns="http://docs.oasis-open.org/odata/ns/edm" Property="SearchSupported" Bool="false"/>
					</Record>
				</Annotation>
				<Annotation xmlns="http://docs.oasis-open.org/odata/ns/edm" Term="Common.ValueListWithFixedValues" Bool="false"/>
			</Annotations>
			<Annotations xmlns="http://docs.oasis-open.org/odata/ns/edm" Target="ComplianceEvaluatorService.EvaluationSellingMarket/IsActiveEntity">
				<Annotation xmlns="http://docs.oasis-open.org/odata/ns/edm" Term="UI.Hidden" Bool="true"/>
			</Annotations>
			<Annotations xmlns="http://docs.oasis-open.org/odata/ns/edm" Target="ComplianceEvaluatorService.EvaluationSellingMarket/HasActiveEntity">
				<Annotation xmlns="http://docs.oasis-open.org/odata/ns/edm" Term="UI.Hidden" Bool="true"/>
			</Annotations>
			<Annotations xmlns="http://docs.oasis-open.org/odata/ns/edm" Target="ComplianceEvaluatorService.EvaluationSellingMarket/HasDraftEntity">
				<Annotation xmlns="http://docs.oasis-open.org/odata/ns/edm" Term="UI.Hidden" Bool="true"/>
			</Annotations>
			<Annotations xmlns="http://docs.oasis-open.org/odata/ns/edm"
				Target="ComplianceEvaluatorService.EvaluationSellingMarket/DraftAdministrativeData_DraftUUID">
				<Annotation xmlns="http://docs.oasis-open.org/odata/ns/edm" Term="UI.Hidden" Bool="true"/>
			</Annotations>
			<Annotations xmlns="http://docs.oasis-open.org/odata/ns/edm" Target="ComplianceEvaluatorService.MasterRecipe/recipeUUID">
				<Annotation xmlns="http://docs.oasis-open.org/odata/ns/edm" Term="Common.Label" String="Recipe ID"/>
			</Annotations>
			<Annotations xmlns="http://docs.oasis-open.org/odata/ns/edm" Target="ComplianceEvaluatorService.MasterRecipe/recipeDescription">
				<Annotation xmlns="http://docs.oasis-open.org/odata/ns/edm" Term="Common.Label" String="Description"/>
			</Annotations>
			<Annotations xmlns="http://docs.oasis-open.org/odata/ns/edm" Target="ComplianceEvaluatorService.MasterRecipe/validityArea">
				<Annotation xmlns="http://docs.oasis-open.org/odata/ns/edm" Term="Common.Label" String="Validity Area"/>
			</Annotations>
			<Annotations xmlns="http://docs.oasis-open.org/odata/ns/edm" Target="ComplianceEvaluatorService.MasterRecipe/validityDate">
				<Annotation xmlns="http://docs.oasis-open.org/odata/ns/edm" Term="Common.Label" String="Validity Date"/>
			</Annotations>
			<Annotations xmlns="http://docs.oasis-open.org/odata/ns/edm" Target="ComplianceEvaluatorService.MasterRecipe/recipeType">
				<Annotation xmlns="http://docs.oasis-open.org/odata/ns/edm" Term="Common.Label" String="Type"/>
			</Annotations>
			<Annotations xmlns="http://docs.oasis-open.org/odata/ns/edm" Target="ComplianceEvaluatorService.MasterRecipe/recipeTypeDesc">
				<Annotation xmlns="http://docs.oasis-open.org/odata/ns/edm" Term="Common.Label" String="Recipe Type Description"/>
			</Annotations>
			<Annotations xmlns="http://docs.oasis-open.org/odata/ns/edm" Target="ComplianceEvaluatorService.MasterRecipe/recipeStatus">
				<Annotation xmlns="http://docs.oasis-open.org/odata/ns/edm" Term="Common.Label" String="Recipe Status"/>
			</Annotations>
			<Annotations xmlns="http://docs.oasis-open.org/odata/ns/edm" Target="ComplianceEvaluatorService.MasterRecipe/recipeStatusDesc">
				<Annotation xmlns="http://docs.oasis-open.org/odata/ns/edm" Term="Common.Label" String="Recipe Status Description"/>
			</Annotations>
			<Annotations xmlns="http://docs.oasis-open.org/odata/ns/edm" Target="ComplianceEvaluatorService.MasterRecipe/createdBy">
				<Annotation xmlns="http://docs.oasis-open.org/odata/ns/edm" Term="Common.Label" String="Created By"/>
			</Annotations>
			<Annotations xmlns="http://docs.oasis-open.org/odata/ns/edm" Target="ComplianceEvaluatorService.MasterRecipe/createdOn">
				<Annotation xmlns="http://docs.oasis-open.org/odata/ns/edm" Term="Common.Label" String="Created On"/>
			</Annotations>
			<Annotations xmlns="http://docs.oasis-open.org/odata/ns/edm" Target="ComplianceEvaluatorService.MasterRecipe/changedBy">
				<Annotation xmlns="http://docs.oasis-open.org/odata/ns/edm" Term="Common.Label" String="Changed By"/>
			</Annotations>
			<Annotations xmlns="http://docs.oasis-open.org/odata/ns/edm" Target="ComplianceEvaluatorService.MasterRecipe/changedOn">
				<Annotation xmlns="http://docs.oasis-open.org/odata/ns/edm" Term="Common.Label" String="Changed On"/>
			</Annotations>
			<Annotations xmlns="http://docs.oasis-open.org/odata/ns/edm" Target="ComplianceEvaluatorService.Purpose">
				<Annotation xmlns="http://docs.oasis-open.org/odata/ns/edm" Term="UI.LineItem" Qualifier="purpose">
					<Collection xmlns="http://docs.oasis-open.org/odata/ns/edm">
						<Record xmlns="http://docs.oasis-open.org/odata/ns/edm" Type="UI.DataField">
							<PropertyValue xmlns="http://docs.oasis-open.org/odata/ns/edm" Property="Value" Path="purpose"/>
						</Record>
						<Record xmlns="http://docs.oasis-open.org/odata/ns/edm" Type="UI.DataField">
							<PropertyValue xmlns="http://docs.oasis-open.org/odata/ns/edm" Property="Value" Path="requirement"/>
						</Record>
						<Record xmlns="http://docs.oasis-open.org/odata/ns/edm" Type="UI.DataFieldWithIntentBasedNavigation">
							<PropertyValue xmlns="http://docs.oasis-open.org/odata/ns/edm" Property="SemanticObject" String="Test"/>
							<PropertyValue xmlns="http://docs.oasis-open.org/odata/ns/edm" Property="Value" Path="requirementID"/>
							<PropertyValue xmlns="http://docs.oasis-open.org/odata/ns/edm" Property="Action" String="test"/>
						</Record>
						<Record xmlns="http://docs.oasis-open.org/odata/ns/edm" Type="UI.DataField">
							<PropertyValue xmlns="http://docs.oasis-open.org/odata/ns/edm" Property="Value" Path="purposeType"/>
						</Record>
						<Record xmlns="http://docs.oasis-open.org/odata/ns/edm" Type="UI.DataField">
							<PropertyValue xmlns="http://docs.oasis-open.org/odata/ns/edm" Property="Value" Path="addedOn"/>
						</Record>
						<Record xmlns="http://docs.oasis-open.org/odata/ns/edm" Type="UI.DataField">
							<PropertyValue xmlns="http://docs.oasis-open.org/odata/ns/edm" Property="Value" Path="addedBy"/>
						</Record>
						<Record xmlns="http://docs.oasis-open.org/odata/ns/edm" Type="UI.DataField">
							<PropertyValue xmlns="http://docs.oasis-open.org/odata/ns/edm" Property="Value" Path="validityArea"/>
						</Record>
					</Collection>
				</Annotation>
			</Annotations>
			<Annotations xmlns="http://docs.oasis-open.org/odata/ns/edm" Target="ComplianceEvaluatorService.EntityContainer/Purpose">
				<Annotation xmlns="http://docs.oasis-open.org/odata/ns/edm" Term="Capabilities.SearchRestrictions">
					<Record xmlns="http://docs.oasis-open.org/odata/ns/edm" Type="Capabilities.SearchRestrictionsType">
						<PropertyValue xmlns="http://docs.oasis-open.org/odata/ns/edm" Property="Searchable" Bool="false"/>
					</Record>
				</Annotation>
				<Annotation xmlns="http://docs.oasis-open.org/odata/ns/edm" Term="Common.DraftNode">
					<Record xmlns="http://docs.oasis-open.org/odata/ns/edm" Type="Common.DraftNodeType">
						<PropertyValue xmlns="http://docs.oasis-open.org/odata/ns/edm" Property="PreparationAction"
							String="ComplianceEvaluatorService.EntityContainer/Purpose_draftPrepare"/>
					</Record>
				</Annotation>
			</Annotations>
			<Annotations xmlns="http://docs.oasis-open.org/odata/ns/edm" Target="ComplianceEvaluatorService.Purpose/ID">
				<Annotation xmlns="http://docs.oasis-open.org/odata/ns/edm" Term="UI.Hidden" Bool="true"/>
			</Annotations>
			<Annotations xmlns="http://docs.oasis-open.org/odata/ns/edm" Target="ComplianceEvaluatorService.Purpose/purposeId">
				<Annotation xmlns="http://docs.oasis-open.org/odata/ns/edm" Term="Common.Label" String="Purpose ID"/>
			</Annotations>
			<Annotations xmlns="http://docs.oasis-open.org/odata/ns/edm" Target="ComplianceEvaluatorService.Purpose/evaluationID">
				<Annotation xmlns="http://docs.oasis-open.org/odata/ns/edm" Term="UI.Hidden" Bool="true"/>
			</Annotations>
			<Annotations xmlns="http://docs.oasis-open.org/odata/ns/edm" Target="ComplianceEvaluatorService.Purpose/purpose">
				<Annotation xmlns="http://docs.oasis-open.org/odata/ns/edm" Term="Common.Label" String="Purpose"/>
			</Annotations>
			<Annotations xmlns="http://docs.oasis-open.org/odata/ns/edm" Target="ComplianceEvaluatorService.Purpose/requirement">
				<Annotation xmlns="http://docs.oasis-open.org/odata/ns/edm" Term="Common.Label" String="Requirement"/>
			</Annotations>
			<Annotations xmlns="http://docs.oasis-open.org/odata/ns/edm" Target="ComplianceEvaluatorService.Purpose/requirementID">
				<Annotation xmlns="http://docs.oasis-open.org/odata/ns/edm" Term="Common.Label" String="Requirement ID"/>
			</Annotations>
			<Annotations xmlns="http://docs.oasis-open.org/odata/ns/edm" Target="ComplianceEvaluatorService.Purpose/purposeType">
				<Annotation xmlns="http://docs.oasis-open.org/odata/ns/edm" Term="Common.Label" String="Type"/>
			</Annotations>
			<Annotations xmlns="http://docs.oasis-open.org/odata/ns/edm" Target="ComplianceEvaluatorService.Purpose/addedOn">
				<Annotation xmlns="http://docs.oasis-open.org/odata/ns/edm" Term="Common.Label" String="Added On"/>
			</Annotations>
			<Annotations xmlns="http://docs.oasis-open.org/odata/ns/edm" Target="ComplianceEvaluatorService.Purpose/addedBy">
				<Annotation xmlns="http://docs.oasis-open.org/odata/ns/edm" Term="Common.Label" String="Added By"/>
			</Annotations>
			<Annotations xmlns="http://docs.oasis-open.org/odata/ns/edm" Target="ComplianceEvaluatorService.Purpose/validityArea">
				<Annotation xmlns="http://docs.oasis-open.org/odata/ns/edm" Term="Common.Label" String="Validity Area"/>
			</Annotations>
			<Annotations xmlns="http://docs.oasis-open.org/odata/ns/edm" Target="ComplianceEvaluatorService.Purpose/IsActiveEntity">
				<Annotation xmlns="http://docs.oasis-open.org/odata/ns/edm" Term="UI.Hidden" Bool="true"/>
			</Annotations>
			<Annotations xmlns="http://docs.oasis-open.org/odata/ns/edm" Target="ComplianceEvaluatorService.Purpose/HasActiveEntity">
				<Annotation xmlns="http://docs.oasis-open.org/odata/ns/edm" Term="UI.Hidden" Bool="true"/>
			</Annotations>
			<Annotations xmlns="http://docs.oasis-open.org/odata/ns/edm" Target="ComplianceEvaluatorService.Purpose/HasDraftEntity">
				<Annotation xmlns="http://docs.oasis-open.org/odata/ns/edm" Term="UI.Hidden" Bool="true"/>
			</Annotations>
			<Annotations xmlns="http://docs.oasis-open.org/odata/ns/edm" Target="ComplianceEvaluatorService.Purpose/DraftAdministrativeData_DraftUUID">
				<Annotation xmlns="http://docs.oasis-open.org/odata/ns/edm" Term="UI.Hidden" Bool="true"/>
			</Annotations>
			<Annotations xmlns="http://docs.oasis-open.org/odata/ns/edm" Target="ComplianceEvaluatorService.Recipe">
				<Annotation xmlns="http://docs.oasis-open.org/odata/ns/edm" Term="UI.LineItem" Qualifier="recipe">
					<Collection xmlns="http://docs.oasis-open.org/odata/ns/edm">
						<Record xmlns="http://docs.oasis-open.org/odata/ns/edm" Type="UI.DataField">
							<PropertyValue xmlns="http://docs.oasis-open.org/odata/ns/edm" Property="Value" Path="recipeDescription"/>
						</Record>
						<Record xmlns="http://docs.oasis-open.org/odata/ns/edm" Type="UI.DataField">
							<PropertyValue xmlns="http://docs.oasis-open.org/odata/ns/edm" Property="Value" Path="compliantStatus"/>
						</Record>
						<Record xmlns="http://docs.oasis-open.org/odata/ns/edm" Type="UI.DataField">
							<PropertyValue xmlns="http://docs.oasis-open.org/odata/ns/edm" Property="Value" Path="relevantEvaluation"/>
						</Record>
						<Record xmlns="http://docs.oasis-open.org/odata/ns/edm" Type="UI.DataFieldWithIntentBasedNavigation">
							<PropertyValue xmlns="http://docs.oasis-open.org/odata/ns/edm" Property="SemanticObject" String="Test"/>
							<PropertyValue xmlns="http://docs.oasis-open.org/odata/ns/edm" Property="Value" Path="recipeId"/>
							<PropertyValue xmlns="http://docs.oasis-open.org/odata/ns/edm" Property="Action" String="test"/>
						</Record>
						<Record xmlns="http://docs.oasis-open.org/odata/ns/edm" Type="UI.DataFieldWithIntentBasedNavigation">
							<PropertyValue xmlns="http://docs.oasis-open.org/odata/ns/edm" Property="SemanticObject" String="Test"/>
							<PropertyValue xmlns="http://docs.oasis-open.org/odata/ns/edm" Property="Value" Path="copyRecipe"/>
							<PropertyValue xmlns="http://docs.oasis-open.org/odata/ns/edm" Property="Action" String="test"/>
						</Record>
						<Record xmlns="http://docs.oasis-open.org/odata/ns/edm" Type="UI.DataField">
							<PropertyValue xmlns="http://docs.oasis-open.org/odata/ns/edm" Property="Value" Path="recipeStatus"/>
						</Record>
						<Record xmlns="http://docs.oasis-open.org/odata/ns/edm" Type="UI.DataField">
							<PropertyValue xmlns="http://docs.oasis-open.org/odata/ns/edm" Property="Value" Path="recipeType"/>
						</Record>
					</Collection>
				</Annotation>
			</Annotations>
			<Annotations xmlns="http://docs.oasis-open.org/odata/ns/edm" Target="ComplianceEvaluatorService.EntityContainer/Recipe">
				<Annotation xmlns="http://docs.oasis-open.org/odata/ns/edm" Term="Capabilities.SearchRestrictions">
					<Record xmlns="http://docs.oasis-open.org/odata/ns/edm" Type="Capabilities.SearchRestrictionsType">
						<PropertyValue xmlns="http://docs.oasis-open.org/odata/ns/edm" Property="Searchable" Bool="false"/>
					</Record>
				</Annotation>
				<Annotation xmlns="http://docs.oasis-open.org/odata/ns/edm" Term="Common.DraftNode">
					<Record xmlns="http://docs.oasis-open.org/odata/ns/edm" Type="Common.DraftNodeType">
						<PropertyValue xmlns="http://docs.oasis-open.org/odata/ns/edm" Property="PreparationAction"
							String="ComplianceEvaluatorService.EntityContainer/Recipe_draftPrepare"/>
					</Record>
				</Annotation>
			</Annotations>
			<Annotations xmlns="http://docs.oasis-open.org/odata/ns/edm" Target="ComplianceEvaluatorService.Recipe/ID">
				<Annotation xmlns="http://docs.oasis-open.org/odata/ns/edm" Term="UI.Hidden" Bool="true"/>
			</Annotations>
			<Annotations xmlns="http://docs.oasis-open.org/odata/ns/edm" Target="ComplianceEvaluatorService.Recipe/evaluationID">
				<Annotation xmlns="http://docs.oasis-open.org/odata/ns/edm" Term="UI.Hidden" Bool="true"/>
			</Annotations>
			<Annotations xmlns="http://docs.oasis-open.org/odata/ns/edm" Target="ComplianceEvaluatorService.Recipe/recipeDescription">
				<Annotation xmlns="http://docs.oasis-open.org/odata/ns/edm" Term="Common.Label" String="Description"/>
			</Annotations>
			<Annotations xmlns="http://docs.oasis-open.org/odata/ns/edm" Target="ComplianceEvaluatorService.Recipe/recipeType">
				<Annotation xmlns="http://docs.oasis-open.org/odata/ns/edm" Term="Common.Label" String="Type"/>
			</Annotations>
			<Annotations xmlns="http://docs.oasis-open.org/odata/ns/edm" Target="ComplianceEvaluatorService.Recipe/compliantStatus">
				<Annotation xmlns="http://docs.oasis-open.org/odata/ns/edm" Term="Common.Label" String="Compliance Status"/>
			</Annotations>
			<Annotations xmlns="http://docs.oasis-open.org/odata/ns/edm" Target="ComplianceEvaluatorService.Recipe/relevantEvaluation">
				<Annotation xmlns="http://docs.oasis-open.org/odata/ns/edm" Term="Common.Label" String="Relevant for Evaluation"/>
			</Annotations>
			<Annotations xmlns="http://docs.oasis-open.org/odata/ns/edm" Target="ComplianceEvaluatorService.Recipe/recipeId">
				<Annotation xmlns="http://docs.oasis-open.org/odata/ns/edm" Term="Common.Label" String="Recipe ID"/>
			</Annotations>
			<Annotations xmlns="http://docs.oasis-open.org/odata/ns/edm" Target="ComplianceEvaluatorService.Recipe/copyRecipe">
				<Annotation xmlns="http://docs.oasis-open.org/odata/ns/edm" Term="Common.Label" String="Copied from Recipe"/>
			</Annotations>
			<Annotations xmlns="http://docs.oasis-open.org/odata/ns/edm" Target="ComplianceEvaluatorService.Recipe/recipeStatus">
				<Annotation xmlns="http://docs.oasis-open.org/odata/ns/edm" Term="Common.Label" String="Recipe Status"/>
			</Annotations>
			<Annotations xmlns="http://docs.oasis-open.org/odata/ns/edm" Target="ComplianceEvaluatorService.Recipe/createdBy">
				<Annotation xmlns="http://docs.oasis-open.org/odata/ns/edm" Term="Common.Label" String="Created By"/>
			</Annotations>
			<Annotations xmlns="http://docs.oasis-open.org/odata/ns/edm" Target="ComplianceEvaluatorService.Recipe/createdOn">
				<Annotation xmlns="http://docs.oasis-open.org/odata/ns/edm" Term="Common.Label" String="Created On"/>
			</Annotations>
			<Annotations xmlns="http://docs.oasis-open.org/odata/ns/edm" Target="ComplianceEvaluatorService.Recipe/changedBy">
				<Annotation xmlns="http://docs.oasis-open.org/odata/ns/edm" Term="Common.Label" String="Changed By"/>
			</Annotations>
			<Annotations xmlns="http://docs.oasis-open.org/odata/ns/edm" Target="ComplianceEvaluatorService.Recipe/changedOn">
				<Annotation xmlns="http://docs.oasis-open.org/odata/ns/edm" Term="Common.Label" String="Changed On"/>
			</Annotations>
			<Annotations xmlns="http://docs.oasis-open.org/odata/ns/edm" Target="ComplianceEvaluatorService.Recipe/IsActiveEntity">
				<Annotation xmlns="http://docs.oasis-open.org/odata/ns/edm" Term="UI.Hidden" Bool="true"/>
			</Annotations>
			<Annotations xmlns="http://docs.oasis-open.org/odata/ns/edm" Target="ComplianceEvaluatorService.Recipe/HasActiveEntity">
				<Annotation xmlns="http://docs.oasis-open.org/odata/ns/edm" Term="UI.Hidden" Bool="true"/>
			</Annotations>
			<Annotations xmlns="http://docs.oasis-open.org/odata/ns/edm" Target="ComplianceEvaluatorService.Recipe/HasDraftEntity">
				<Annotation xmlns="http://docs.oasis-open.org/odata/ns/edm" Term="UI.Hidden" Bool="true"/>
			</Annotations>
			<Annotations xmlns="http://docs.oasis-open.org/odata/ns/edm" Target="ComplianceEvaluatorService.Recipe/DraftAdministrativeData_DraftUUID">
				<Annotation xmlns="http://docs.oasis-open.org/odata/ns/edm" Term="UI.Hidden" Bool="true"/>
			</Annotations>
		</Schema>
	</edmx:DataServices>
</edmx:Edmx>
