[{
	"ID": 9,
	"countryName": "countryName 1",
	"__metadata": {
		"uri": "Country(9)",
		"type": "ComplianceEvaluatorService.Country"
	}
}, {
	"ID": 416,
	"countryName": "countryName 2",
	"__metadata": {
		"uri": "Country(416)",
		"type": "ComplianceEvaluatorService.Country"
	}
}, {
	"ID": 6671,
	"countryName": "countryName 3",
	"__metadata": {
		"uri": "Country(6671)",
		"type": "ComplianceEvaluatorService.Country"
	}
}, {
	"ID": 2613,
	"countryName": "countryName 4",
	"__metadata": {
		"uri": "Country(2613)",
		"type": "ComplianceEvaluatorService.Country"
	}
}, {
	"ID": 7960,
	"countryName": "countryName 5",
	"__metadata": {
		"uri": "Country(7960)",
		"type": "ComplianceEvaluatorService.Country"
	}
}, {
	"ID": 2584,
	"countryName": "countryName 6",
	"__metadata": {
		"uri": "Country(2584)",
		"type": "ComplianceEvaluatorService.Country"
	}
}, {
	"ID": 5101,
	"countryName": "countryName 7",
	"__metadata": {
		"uri": "Country(5101)",
		"type": "ComplianceEvaluatorService.Country"
	}
}, {
	"ID": 7638,
	"countryName": "countryName 8",
	"__metadata": {
		"uri": "Country(7638)",
		"type": "ComplianceEvaluatorService.Country"
	}
}, {
	"ID": 100,
	"countryName": "countryName 9",
	"__metadata": {
		"uri": "Country(100)",
		"type": "ComplianceEvaluatorService.Country"
	}
}, {
	"ID": 8688,
	"countryName": "countryName 10",
	"__metadata": {
		"uri": "Country(8688)",
		"type": "ComplianceEvaluatorService.Country"
	}
}]