[{
	"ID": "c2737175-ed8c-461b-9b19-54302f233189",
	"evaluationID": "bdcf2d0f-04b6-4d64-8d8b-e6c122b416b3",
	"sellingMarketID": "sellingMarketID 1",
	"sellingMarket": "sellingMarket 1",
	"IsActiveEntity": true,
	"HasActiveEntity": true,
	"HasDraftEntity": false,
	"DraftAdministrativeData_DraftUUID": "78ddc6e7-904b-4414-9333-d45728f52515",
	"__metadata": {
		"uri": "EvaluationSellingMarket(ID=guid'c2737175-ed8c-461b-9b19-54302f233189',IsActiveEntity=true)",
		"type": "ComplianceEvaluatorService.EvaluationSellingMarket"
	},
	"EVALUATIONMARKET": {
		"__deferred": {
			"uri": "EvaluationSellingMarket(ID=guid'c2737175-ed8c-461b-9b19-54302f233189',IsActiveEntity=true)/EVALUATIONMARKET"
		}
	},
	"DraftAdministrativeData": {
		"__deferred": {
			"uri": "EvaluationSellingMarket(ID=guid'c2737175-ed8c-461b-9b19-54302f233189',IsActiveEntity=true)/DraftAdministrativeData"
		}
	},
	"SiblingEntity": {
		"__deferred": {
			"uri": "EvaluationSellingMarket(ID=guid'c2737175-ed8c-461b-9b19-54302f233189',IsActiveEntity=true)/SiblingEntity"
		}
	}
}, {
	"ID": "fc1b9fc5-5b70-4546-ab74-fab8cf3c2837",
	"evaluationID": "0dc4e020-7b42-430e-82d8-cf987d5b9502",
	"sellingMarketID": "sellingMarketID 2",
	"sellingMarket": "sellingMarket 2",
	"IsActiveEntity": false,
	"HasActiveEntity": false,
	"HasDraftEntity": true,
	"DraftAdministrativeData_DraftUUID": "20dca06c-5fb0-4663-a7cf-ad0055dee0f5",
	"__metadata": {
		"uri": "EvaluationSellingMarket(ID=guid'fc1b9fc5-5b70-4546-ab74-fab8cf3c2837',IsActiveEntity=false)",
		"type": "ComplianceEvaluatorService.EvaluationSellingMarket"
	},
	"EVALUATIONMARKET": {
		"__deferred": {
			"uri": "EvaluationSellingMarket(ID=guid'fc1b9fc5-5b70-4546-ab74-fab8cf3c2837',IsActiveEntity=false)/EVALUATIONMARKET"
		}
	},
	"DraftAdministrativeData": {
		"__deferred": {
			"uri": "EvaluationSellingMarket(ID=guid'fc1b9fc5-5b70-4546-ab74-fab8cf3c2837',IsActiveEntity=false)/DraftAdministrativeData"
		}
	},
	"SiblingEntity": {
		"__deferred": {
			"uri": "EvaluationSellingMarket(ID=guid'fc1b9fc5-5b70-4546-ab74-fab8cf3c2837',IsActiveEntity=false)/SiblingEntity"
		}
	}
}, {
	"ID": "a979dfb9-48fc-4b00-a23d-8389080eae16",
	"evaluationID": "4cd02350-1624-42bb-b8bc-4d11c71a899d",
	"sellingMarketID": "sellingMarketID 3",
	"sellingMarket": "sellingMarket 3",
	"IsActiveEntity": false,
	"HasActiveEntity": false,
	"HasDraftEntity": false,
	"DraftAdministrativeData_DraftUUID": "2e6882a2-c874-4ce4-8fed-b087bf372ca0",
	"__metadata": {
		"uri": "EvaluationSellingMarket(ID=guid'a979dfb9-48fc-4b00-a23d-8389080eae16',IsActiveEntity=false)",
		"type": "ComplianceEvaluatorService.EvaluationSellingMarket"
	},
	"EVALUATIONMARKET": {
		"__deferred": {
			"uri": "EvaluationSellingMarket(ID=guid'a979dfb9-48fc-4b00-a23d-8389080eae16',IsActiveEntity=false)/EVALUATIONMARKET"
		}
	},
	"DraftAdministrativeData": {
		"__deferred": {
			"uri": "EvaluationSellingMarket(ID=guid'a979dfb9-48fc-4b00-a23d-8389080eae16',IsActiveEntity=false)/DraftAdministrativeData"
		}
	},
	"SiblingEntity": {
		"__deferred": {
			"uri": "EvaluationSellingMarket(ID=guid'a979dfb9-48fc-4b00-a23d-8389080eae16',IsActiveEntity=false)/SiblingEntity"
		}
	}
}, {
	"ID": "fa63cc14-71f8-43bf-a3f2-eb9488861603",
	"evaluationID": "a2497b99-15be-429c-ba9a-2d5ccd35c08c",
	"sellingMarketID": "sellingMarketID 4",
	"sellingMarket": "sellingMarket 4",
	"IsActiveEntity": false,
	"HasActiveEntity": false,
	"HasDraftEntity": false,
	"DraftAdministrativeData_DraftUUID": "7c2d0d18-f9c0-4f32-b241-3f84386a9cc7",
	"__metadata": {
		"uri": "EvaluationSellingMarket(ID=guid'fa63cc14-71f8-43bf-a3f2-eb9488861603',IsActiveEntity=false)",
		"type": "ComplianceEvaluatorService.EvaluationSellingMarket"
	},
	"EVALUATIONMARKET": {
		"__deferred": {
			"uri": "EvaluationSellingMarket(ID=guid'fa63cc14-71f8-43bf-a3f2-eb9488861603',IsActiveEntity=false)/EVALUATIONMARKET"
		}
	},
	"DraftAdministrativeData": {
		"__deferred": {
			"uri": "EvaluationSellingMarket(ID=guid'fa63cc14-71f8-43bf-a3f2-eb9488861603',IsActiveEntity=false)/DraftAdministrativeData"
		}
	},
	"SiblingEntity": {
		"__deferred": {
			"uri": "EvaluationSellingMarket(ID=guid'fa63cc14-71f8-43bf-a3f2-eb9488861603',IsActiveEntity=false)/SiblingEntity"
		}
	}
}, {
	"ID": "2cc7eed0-e626-48fd-a387-80ef4c64d821",
	"evaluationID": "60ee31d5-ae47-4d0a-b4dd-a6e65cfe2d8f",
	"sellingMarketID": "sellingMarketID 5",
	"sellingMarket": "sellingMarket 5",
	"IsActiveEntity": false,
	"HasActiveEntity": false,
	"HasDraftEntity": false,
	"DraftAdministrativeData_DraftUUID": "a3c8635a-3172-4e53-ac50-0fd8258b6197",
	"__metadata": {
		"uri": "EvaluationSellingMarket(ID=guid'2cc7eed0-e626-48fd-a387-80ef4c64d821',IsActiveEntity=false)",
		"type": "ComplianceEvaluatorService.EvaluationSellingMarket"
	},
	"EVALUATIONMARKET": {
		"__deferred": {
			"uri": "EvaluationSellingMarket(ID=guid'2cc7eed0-e626-48fd-a387-80ef4c64d821',IsActiveEntity=false)/EVALUATIONMARKET"
		}
	},
	"DraftAdministrativeData": {
		"__deferred": {
			"uri": "EvaluationSellingMarket(ID=guid'2cc7eed0-e626-48fd-a387-80ef4c64d821',IsActiveEntity=false)/DraftAdministrativeData"
		}
	},
	"SiblingEntity": {
		"__deferred": {
			"uri": "EvaluationSellingMarket(ID=guid'2cc7eed0-e626-48fd-a387-80ef4c64d821',IsActiveEntity=false)/SiblingEntity"
		}
	}
}, {
	"ID": "f4dd8a56-e0e9-4c75-a7a4-5280c5521bc9",
	"evaluationID": "328a2fc8-9828-4d50-98cd-7643c061e4d7",
	"sellingMarketID": "sellingMarketID 6",
	"sellingMarket": "sellingMarket 6",
	"IsActiveEntity": false,
	"HasActiveEntity": true,
	"HasDraftEntity": false,
	"DraftAdministrativeData_DraftUUID": "9ba6478c-3a25-4b29-8fa8-1e757fb1fc29",
	"__metadata": {
		"uri": "EvaluationSellingMarket(ID=guid'f4dd8a56-e0e9-4c75-a7a4-5280c5521bc9',IsActiveEntity=false)",
		"type": "ComplianceEvaluatorService.EvaluationSellingMarket"
	},
	"EVALUATIONMARKET": {
		"__deferred": {
			"uri": "EvaluationSellingMarket(ID=guid'f4dd8a56-e0e9-4c75-a7a4-5280c5521bc9',IsActiveEntity=false)/EVALUATIONMARKET"
		}
	},
	"DraftAdministrativeData": {
		"__deferred": {
			"uri": "EvaluationSellingMarket(ID=guid'f4dd8a56-e0e9-4c75-a7a4-5280c5521bc9',IsActiveEntity=false)/DraftAdministrativeData"
		}
	},
	"SiblingEntity": {
		"__deferred": {
			"uri": "EvaluationSellingMarket(ID=guid'f4dd8a56-e0e9-4c75-a7a4-5280c5521bc9',IsActiveEntity=false)/SiblingEntity"
		}
	}
}, {
	"ID": "1672b819-0399-4be8-a9d7-e5f5ad2d4a80",
	"evaluationID": "d7403eb5-2eea-4ef3-9a2f-1880c1f55eb5",
	"sellingMarketID": "sellingMarketID 7",
	"sellingMarket": "sellingMarket 7",
	"IsActiveEntity": false,
	"HasActiveEntity": true,
	"HasDraftEntity": false,
	"DraftAdministrativeData_DraftUUID": "ac45cdac-7ee3-4b89-bf08-6e59132e493e",
	"__metadata": {
		"uri": "EvaluationSellingMarket(ID=guid'1672b819-0399-4be8-a9d7-e5f5ad2d4a80',IsActiveEntity=false)",
		"type": "ComplianceEvaluatorService.EvaluationSellingMarket"
	},
	"EVALUATIONMARKET": {
		"__deferred": {
			"uri": "EvaluationSellingMarket(ID=guid'1672b819-0399-4be8-a9d7-e5f5ad2d4a80',IsActiveEntity=false)/EVALUATIONMARKET"
		}
	},
	"DraftAdministrativeData": {
		"__deferred": {
			"uri": "EvaluationSellingMarket(ID=guid'1672b819-0399-4be8-a9d7-e5f5ad2d4a80',IsActiveEntity=false)/DraftAdministrativeData"
		}
	},
	"SiblingEntity": {
		"__deferred": {
			"uri": "EvaluationSellingMarket(ID=guid'1672b819-0399-4be8-a9d7-e5f5ad2d4a80',IsActiveEntity=false)/SiblingEntity"
		}
	}
}, {
	"ID": "297bd9b6-816f-448b-a08f-7ab34eea9475",
	"evaluationID": "6aeb6da2-18ad-4521-8fd6-21cc3f0abb31",
	"sellingMarketID": "sellingMarketID 8",
	"sellingMarket": "sellingMarket 8",
	"IsActiveEntity": true,
	"HasActiveEntity": true,
	"HasDraftEntity": false,
	"DraftAdministrativeData_DraftUUID": "f25fe633-462e-49f0-b5ac-22b622afb94a",
	"__metadata": {
		"uri": "EvaluationSellingMarket(ID=guid'297bd9b6-816f-448b-a08f-7ab34eea9475',IsActiveEntity=true)",
		"type": "ComplianceEvaluatorService.EvaluationSellingMarket"
	},
	"EVALUATIONMARKET": {
		"__deferred": {
			"uri": "EvaluationSellingMarket(ID=guid'297bd9b6-816f-448b-a08f-7ab34eea9475',IsActiveEntity=true)/EVALUATIONMARKET"
		}
	},
	"DraftAdministrativeData": {
		"__deferred": {
			"uri": "EvaluationSellingMarket(ID=guid'297bd9b6-816f-448b-a08f-7ab34eea9475',IsActiveEntity=true)/DraftAdministrativeData"
		}
	},
	"SiblingEntity": {
		"__deferred": {
			"uri": "EvaluationSellingMarket(ID=guid'297bd9b6-816f-448b-a08f-7ab34eea9475',IsActiveEntity=true)/SiblingEntity"
		}
	}
}, {
	"ID": "4d76b9c7-31d7-4220-9b9a-624757c5f990",
	"evaluationID": "04dacb04-7c4d-46b4-aded-ef0c8992c6f0",
	"sellingMarketID": "sellingMarketID 9",
	"sellingMarket": "sellingMarket 9",
	"IsActiveEntity": false,
	"HasActiveEntity": false,
	"HasDraftEntity": false,
	"DraftAdministrativeData_DraftUUID": "168062a0-2a5f-406f-a0ad-11ee53acd1ef",
	"__metadata": {
		"uri": "EvaluationSellingMarket(ID=guid'4d76b9c7-31d7-4220-9b9a-624757c5f990',IsActiveEntity=false)",
		"type": "ComplianceEvaluatorService.EvaluationSellingMarket"
	},
	"EVALUATIONMARKET": {
		"__deferred": {
			"uri": "EvaluationSellingMarket(ID=guid'4d76b9c7-31d7-4220-9b9a-624757c5f990',IsActiveEntity=false)/EVALUATIONMARKET"
		}
	},
	"DraftAdministrativeData": {
		"__deferred": {
			"uri": "EvaluationSellingMarket(ID=guid'4d76b9c7-31d7-4220-9b9a-624757c5f990',IsActiveEntity=false)/DraftAdministrativeData"
		}
	},
	"SiblingEntity": {
		"__deferred": {
			"uri": "EvaluationSellingMarket(ID=guid'4d76b9c7-31d7-4220-9b9a-624757c5f990',IsActiveEntity=false)/SiblingEntity"
		}
	}
}, {
	"ID": "083411f8-3960-4feb-a0af-2d18f1f68753",
	"evaluationID": "eef5ac81-218f-41ad-9741-6b8c531c973e",
	"sellingMarketID": "sellingMarketID 10",
	"sellingMarket": "sellingMarket 10",
	"IsActiveEntity": true,
	"HasActiveEntity": true,
	"HasDraftEntity": false,
	"DraftAdministrativeData_DraftUUID": "09cb0c87-8b38-4b91-a4b6-dade86c589da",
	"__metadata": {
		"uri": "EvaluationSellingMarket(ID=guid'083411f8-3960-4feb-a0af-2d18f1f68753',IsActiveEntity=true)",
		"type": "ComplianceEvaluatorService.EvaluationSellingMarket"
	},
	"EVALUATIONMARKET": {
		"__deferred": {
			"uri": "EvaluationSellingMarket(ID=guid'083411f8-3960-4feb-a0af-2d18f1f68753',IsActiveEntity=true)/EVALUATIONMARKET"
		}
	},
	"DraftAdministrativeData": {
		"__deferred": {
			"uri": "EvaluationSellingMarket(ID=guid'083411f8-3960-4feb-a0af-2d18f1f68753',IsActiveEntity=true)/DraftAdministrativeData"
		}
	},
	"SiblingEntity": {
		"__deferred": {
			"uri": "EvaluationSellingMarket(ID=guid'083411f8-3960-4feb-a0af-2d18f1f68753',IsActiveEntity=true)/SiblingEntity"
		}
	}
}, {
	"sellingMarketID": "sellingMarketID 10",
	"evaluationID": "0dc4e020-7b42-430e-82d8-cf987d5b9502",
	"sellingMarket": "sellingMarket 10",
	"IsActiveEntity": false,
	"ID": "083411f8-3960-4feb-a0af-2d18f1f68751",
	"HasActiveEntity": false,
	"HasDraftEntity": true,
	"DraftAdministrativeData_DraftUUID": "09cb0c87-8b38-4b91-a4b6-dade86c589d1"
}]