[{
	"recipeUUID": "a86000d7-3f7d-41d2-a2e9-256d66ac8930",
	"recipeDescription": "recipeDescription 1",
	"validityArea": "validityArea 1",
	"validityDate": "validityDate 1",
	"recipeType": "recipeType 1",
	"recipeTypeDesc": "recipeTypeDesc 1",
	"recipeStatus": "recipeStatus 1",
	"recipeStatusDesc": "recipeStatusDesc 1",
	"createdBy": "createdBy 1",
	"createdOn": "createdOn 1",
	"changedBy": "changedBy 1",
	"changedOn": "changedOn 1",
	"__metadata": {
		"uri": "MasterRecipe(guid'a86000d7-3f7d-41d2-a2e9-256d66ac8930')",
		"type": "ComplianceEvaluatorService.MasterRecipe"
	}
}, {
	"recipeUUID": "ad691cdb-d4af-4c8a-aec8-3780d9f7a05c",
	"recipeDescription": "recipeDescription 2",
	"validityArea": "validityArea 2",
	"validityDate": "validityDate 2",
	"recipeType": "recipeType 2",
	"recipeTypeDesc": "recipeTypeDesc 2",
	"recipeStatus": "recipeStatus 2",
	"recipeStatusDesc": "recipeStatusDesc 2",
	"createdBy": "createdBy 2",
	"createdOn": "createdOn 2",
	"changedBy": "changedBy 2",
	"changedOn": "changedOn 2",
	"__metadata": {
		"uri": "MasterRecipe(guid'ad691cdb-d4af-4c8a-aec8-3780d9f7a05c')",
		"type": "ComplianceEvaluatorService.MasterRecipe"
	}
}, {
	"recipeUUID": "e49893e8-9345-46fe-8a82-6bbb1f2bfbef",
	"recipeDescription": "recipeDescription 3",
	"validityArea": "validityArea 3",
	"validityDate": "validityDate 3",
	"recipeType": "recipeType 3",
	"recipeTypeDesc": "recipeTypeDesc 3",
	"recipeStatus": "recipeStatus 3",
	"recipeStatusDesc": "recipeStatusDesc 3",
	"createdBy": "createdBy 3",
	"createdOn": "createdOn 3",
	"changedBy": "changedBy 3",
	"changedOn": "changedOn 3",
	"__metadata": {
		"uri": "MasterRecipe(guid'e49893e8-9345-46fe-8a82-6bbb1f2bfbef')",
		"type": "ComplianceEvaluatorService.MasterRecipe"
	}
}, {
	"recipeUUID": "1f16d615-e02f-4af0-9ae5-bca62f3b09d6",
	"recipeDescription": "recipeDescription 4",
	"validityArea": "validityArea 4",
	"validityDate": "validityDate 4",
	"recipeType": "recipeType 4",
	"recipeTypeDesc": "recipeTypeDesc 4",
	"recipeStatus": "recipeStatus 4",
	"recipeStatusDesc": "recipeStatusDesc 4",
	"createdBy": "createdBy 4",
	"createdOn": "createdOn 4",
	"changedBy": "changedBy 4",
	"changedOn": "changedOn 4",
	"__metadata": {
		"uri": "MasterRecipe(guid'1f16d615-e02f-4af0-9ae5-bca62f3b09d6')",
		"type": "ComplianceEvaluatorService.MasterRecipe"
	}
}, {
	"recipeUUID": "c2764eb8-fab9-4e8b-b334-e8fd6afdabf5",
	"recipeDescription": "recipeDescription 5",
	"validityArea": "validityArea 5",
	"validityDate": "validityDate 5",
	"recipeType": "recipeType 5",
	"recipeTypeDesc": "recipeTypeDesc 5",
	"recipeStatus": "recipeStatus 5",
	"recipeStatusDesc": "recipeStatusDesc 5",
	"createdBy": "createdBy 5",
	"createdOn": "createdOn 5",
	"changedBy": "changedBy 5",
	"changedOn": "changedOn 5",
	"__metadata": {
		"uri": "MasterRecipe(guid'c2764eb8-fab9-4e8b-b334-e8fd6afdabf5')",
		"type": "ComplianceEvaluatorService.MasterRecipe"
	}
}, {
	"recipeUUID": "765372a6-b2ba-4688-a58e-7e4208f4468a",
	"recipeDescription": "recipeDescription 6",
	"validityArea": "validityArea 6",
	"validityDate": "validityDate 6",
	"recipeType": "recipeType 6",
	"recipeTypeDesc": "recipeTypeDesc 6",
	"recipeStatus": "recipeStatus 6",
	"recipeStatusDesc": "recipeStatusDesc 6",
	"createdBy": "createdBy 6",
	"createdOn": "createdOn 6",
	"changedBy": "changedBy 6",
	"changedOn": "changedOn 6",
	"__metadata": {
		"uri": "MasterRecipe(guid'765372a6-b2ba-4688-a58e-7e4208f4468a')",
		"type": "ComplianceEvaluatorService.MasterRecipe"
	}
}, {
	"recipeUUID": "4a643aa4-7685-4de5-bd28-e4b41154917b",
	"recipeDescription": "recipeDescription 7",
	"validityArea": "validityArea 7",
	"validityDate": "validityDate 7",
	"recipeType": "recipeType 7",
	"recipeTypeDesc": "recipeTypeDesc 7",
	"recipeStatus": "recipeStatus 7",
	"recipeStatusDesc": "recipeStatusDesc 7",
	"createdBy": "createdBy 7",
	"createdOn": "createdOn 7",
	"changedBy": "changedBy 7",
	"changedOn": "changedOn 7",
	"__metadata": {
		"uri": "MasterRecipe(guid'4a643aa4-7685-4de5-bd28-e4b41154917b')",
		"type": "ComplianceEvaluatorService.MasterRecipe"
	}
}, {
	"recipeUUID": "8719a07f-6efb-443e-b83b-6d806e617af3",
	"recipeDescription": "recipeDescription 8",
	"validityArea": "validityArea 8",
	"validityDate": "validityDate 8",
	"recipeType": "recipeType 8",
	"recipeTypeDesc": "recipeTypeDesc 8",
	"recipeStatus": "recipeStatus 8",
	"recipeStatusDesc": "recipeStatusDesc 8",
	"createdBy": "createdBy 8",
	"createdOn": "createdOn 8",
	"changedBy": "changedBy 8",
	"changedOn": "changedOn 8",
	"__metadata": {
		"uri": "MasterRecipe(guid'8719a07f-6efb-443e-b83b-6d806e617af3')",
		"type": "ComplianceEvaluatorService.MasterRecipe"
	}
}, {
	"recipeUUID": "7f727dcf-ec62-40db-9c51-d396691633dc",
	"recipeDescription": "recipeDescription 9",
	"validityArea": "validityArea 9",
	"validityDate": "validityDate 9",
	"recipeType": "recipeType 9",
	"recipeTypeDesc": "recipeTypeDesc 9",
	"recipeStatus": "recipeStatus 9",
	"recipeStatusDesc": "recipeStatusDesc 9",
	"createdBy": "createdBy 9",
	"createdOn": "createdOn 9",
	"changedBy": "changedBy 9",
	"changedOn": "changedOn 9",
	"__metadata": {
		"uri": "MasterRecipe(guid'7f727dcf-ec62-40db-9c51-d396691633dc')",
		"type": "ComplianceEvaluatorService.MasterRecipe"
	}
}, {
	"recipeUUID": "5f58e15c-c68c-4e97-9331-425cfc8af72b",
	"recipeDescription": "recipeDescription 10",
	"validityArea": "validityArea 10",
	"validityDate": "validityDate 10",
	"recipeType": "recipeType 10",
	"recipeTypeDesc": "recipeTypeDesc 10",
	"recipeStatus": "recipeStatus 10",
	"recipeStatusDesc": "recipeStatusDesc 10",
	"createdBy": "createdBy 10",
	"createdOn": "createdOn 10",
	"changedBy": "changedBy 10",
	"changedOn": "changedOn 10",
	"__metadata": {
		"uri": "MasterRecipe(guid'5f58e15c-c68c-4e97-9331-425cfc8af72b')",
		"type": "ComplianceEvaluatorService.MasterRecipe"
	}
}]