"SPECIFICATIONID","SPECIFICATIONDESCRIPTION","FORMULAITEMDESCRIPTION","DENSITY","CREATEDBY","SPECTYPE"
"200000001232","Yogo_Drink","YOGO DRING","104122","",""
"FRUIT_MIX12","Fruit mix, strawberry","Fruit mix, strawberry","1034","",""
"000000233585","Water","Water","99","",""
"000000239449","Strawberry puree","Strawberry puree","149","",""
"CORNSTRACH1","Corn starch","Corn starch","98","",""
"C_SYRUP","C_SYRUP","Corn syrup","1234","",""
"CITRIC_ACID","citric acid","liquid citric acid","1256","",""
"PECTIN","Pectin","Liquid - Pestin","125","",""
"CARMINE","Carmine","Carmine","145","",""
"000000239450","Yogurt, enhanced","Yogurt, enhanced","1234","",""
"YOGURT_RAW","YOGURT_RAW","Yogurt raw","1041678","",""
"YOGO_BASE","Yogurt base","Yogurt base","198383","",""
"PAST_MILK","Pasteurized milk","Pasteurized milk","126","",""
"TD_HVY_CRM15","Table cream","Table cream","345","",""
"MILK_003","Milk, 3,5%","Milk","1245","",""