{
	"_version": "3.0.0",
	"identification": {
		"id": "a501fc8c-8003-49ac-84a8-4bafdf30c257-1579672568005",
		"entityType": "bundle"
	},
	"payload": {
		"catalogs": [{
			"_version": "3.0.0",
			"identification": {
				"id": "defaultCatalogId",
				"title": "{{title}}",
				"entityType": "catalog",
				"i18n": "i18n/defaultCatalogId.properties"
			},
			"payload": {
				"viz": []
			}
		}],
		"groups": [{
			"_version": "3.0.0",
			"identification": {
				"id": "defaultGroupId",
				"title": "{{title}}",
				"entityType": "group",
				"i18n": "i18n/defaultGroupId.properties"
			},
			"payload": {
				"viz": [{
					"id": "ComplianceEvaluator-0-1576849189718",
					"appId": "ComplianceEvaluator",
					"vizId": "Evaluation-manage"
				}, {
					"id": "manage.manage_layout-1-1583343070500",
					"appId": "manage.manage_layout",
					"vizId": "layout-manage"
				}, {
					"id": "Trial_Formulation.trial_formulation-2-1583343070500",
					"appId": "Trial_Formulation.trial_formulation",
					"vizId": "Formulation-manage"
				}]
			}
		}],
		"sites": [{
			"_version": "3.0.0",
			"identification": {
				"id": "11597ea7-2cfe-4f85-845f-223d76525083-1579672568006",
				"entityType": "site",
				"title": "SAP Fiori launchpad site on Cloud Foundry",
				"description": "SAP Fiori launchpad site on Cloud Foundry, deployed from SAP Web IDE"
			},
			"payload": {
				"config": {
					"ushellConfig": {
						"renderers": {
							"fiori2": {
								"componentData": {
									"config": {
										"applications": {
											"Shell-home": {}
										}
									}
								}
							}
						}
					}
				},
				"groupsOrder": ["defaultGroupId"],
				"sap.cloud.portal": {
					"config": {
						"theme.id": "sap_fiori_3",
						"theme.active": ["sap_fiori_3", "sap_belize_hcb", "sap_belize_hcw"]
					}
				}
			}
		}]
	}
}
