[{
	"ID": 9,
	"categoryName": "categoryName 1",
	"__metadata": {
		"uri": "CategoryType(9)",
		"type": "ManageLayoutService.CategoryType"
	}
}, {
	"ID": 416,
	"categoryName": "categoryName 2",
	"__metadata": {
		"uri": "CategoryType(416)",
		"type": "ManageLayoutService.CategoryType"
	}
}, {
	"ID": 6671,
	"categoryName": "categoryName 3",
	"__metadata": {
		"uri": "CategoryType(6671)",
		"type": "ManageLayoutService.CategoryType"
	}
}, {
	"ID": 2613,
	"categoryName": "categoryName 4",
	"__metadata": {
		"uri": "CategoryType(2613)",
		"type": "ManageLayoutService.CategoryType"
	}
}, {
	"ID": 7960,
	"categoryName": "categoryName 5",
	"__metadata": {
		"uri": "CategoryType(7960)",
		"type": "ManageLayoutService.CategoryType"
	}
}, {
	"ID": 2584,
	"categoryName": "categoryName 6",
	"__metadata": {
		"uri": "CategoryType(2584)",
		"type": "ManageLayoutService.CategoryType"
	}
}, {
	"ID": 5101,
	"categoryName": "categoryName 7",
	"__metadata": {
		"uri": "CategoryType(5101)",
		"type": "ManageLayoutService.CategoryType"
	}
}, {
	"ID": 7638,
	"categoryName": "categoryName 8",
	"__metadata": {
		"uri": "CategoryType(7638)",
		"type": "ManageLayoutService.CategoryType"
	}
}, {
	"ID": 100,
	"categoryName": "categoryName 9",
	"__metadata": {
		"uri": "CategoryType(100)",
		"type": "ManageLayoutService.CategoryType"
	}
}, {
	"ID": 8688,
	"categoryName": "categoryName 10",
	"__metadata": {
		"uri": "CategoryType(8688)",
		"type": "ManageLayoutService.CategoryType"
	}
}]