[{
	"ID": "ID 1",
	"Description": "Description 1",
	"__metadata": {
		"uri": "UOM('ID%201')",
		"type": "ManageLayoutService.UOM"
	}
}, {
	"ID": "ID 2",
	"Description": "Description 2",
	"__metadata": {
		"uri": "UOM('ID%202')",
		"type": "ManageLayoutService.UOM"
	}
}, {
	"ID": "ID 3",
	"Description": "Description 3",
	"__metadata": {
		"uri": "UOM('ID%203')",
		"type": "ManageLayoutService.UOM"
	}
}, {
	"ID": "ID 4",
	"Description": "Description 4",
	"__metadata": {
		"uri": "UOM('ID%204')",
		"type": "ManageLayoutService.UOM"
	}
}, {
	"ID": "ID 5",
	"Description": "Description 5",
	"__metadata": {
		"uri": "UOM('ID%205')",
		"type": "ManageLayoutService.UOM"
	}
}, {
	"ID": "ID 6",
	"Description": "Description 6",
	"__metadata": {
		"uri": "UOM('ID%206')",
		"type": "ManageLayoutService.UOM"
	}
}, {
	"ID": "ID 7",
	"Description": "Description 7",
	"__metadata": {
		"uri": "UOM('ID%207')",
		"type": "ManageLayoutService.UOM"
	}
}, {
	"ID": "ID 8",
	"Description": "Description 8",
	"__metadata": {
		"uri": "UOM('ID%208')",
		"type": "ManageLayoutService.UOM"
	}
}, {
	"ID": "ID 9",
	"Description": "Description 9",
	"__metadata": {
		"uri": "UOM('ID%209')",
		"type": "ManageLayoutService.UOM"
	}
}, {
	"ID": "ID 10",
	"Description": "Description 10",
	"__metadata": {
		"uri": "UOM('ID%2010')",
		"type": "ManageLayoutService.UOM"
	}
}]