<edmx:Edmx xmlns:edmx="http://schemas.microsoft.com/ado/2007/06/edmx" xmlns:sap="http://www.sap.com/Protocols/SAPData"
	xmlns:ux="http://www.sap.com/Protocols/OData4SAP/UX" xmlns:gp="http://www.sap.com/Protocols/SAPData/GenericPlayer" Version="1.0">
	<edmx:Reference xmlns:edmx="http://docs.oasis-open.org/odata/ns/edmx"
		Uri="https://oasis-tcs.github.io/odata-vocabularies/vocabularies/Org.OData.Capabilities.V1.xml">
		<edmx:Include Alias="Capabilities" Namespace="Org.OData.Capabilities.V1"/>
	</edmx:Reference>
	<edmx:Reference xmlns:edmx="http://docs.oasis-open.org/odata/ns/edmx" Uri="https://sap.github.io/odata-vocabularies/vocabularies/Common.xml">
		<edmx:Include Alias="Common" Namespace="com.sap.vocabularies.Common.v1"/>
	</edmx:Reference>
	<edmx:Reference xmlns:edmx="http://docs.oasis-open.org/odata/ns/edmx"
		Uri="https://oasis-tcs.github.io/odata-vocabularies/vocabularies/Org.OData.Core.V1.xml">
		<edmx:Include Alias="Core" Namespace="Org.OData.Core.V1"/>
	</edmx:Reference>
	<edmx:Reference xmlns:edmx="http://docs.oasis-open.org/odata/ns/edmx" Uri="https://sap.github.io/odata-vocabularies/vocabularies/UI.xml">
		<edmx:Include Alias="UI" Namespace="com.sap.vocabularies.UI.v1"/>
	</edmx:Reference>
	<edmx:DataServices xmlns:m="http://schemas.microsoft.com/ado/2007/08/dataservices/metadata" m:DataServiceVersion="2.0">
		<Schema xmlns="http://schemas.microsoft.com/ado/2008/09/edm" Namespace="ManageLayoutService">
			<EntityType Name="CategoryType">
				<Key>
					<PropertyRef Name="ID"/>
				</Key>
				<Property Name="ID" Type="Edm.Int32" Nullable="false"/>
				<Property Name="categoryName" Type="Edm.String"/>
			</EntityType>
			<EntityType Name="ColumnsSelectedInLayout">
				<Key>
					<PropertyRef Name="ID"/>
					<PropertyRef Name="IsActiveEntity"/>
				</Key>
				<Property Name="ID" Type="Edm.Guid" Nullable="false"/>
				<Property Name="layoutItemId" Type="Edm.Guid"/>
				<Property Name="categoryName" Type="Edm.String" sap:updatable="false"/>
				<Property Name="subCategoryName" Type="Edm.String" sap:updatable="false"/>
				<Property Name="UOM" Type="Edm.String" sap:updatable="false"/>
				<Property Name="fixedColumn" Type="Edm.Boolean" sap:updatable="true"/>
				<Property Name="columnOrder" Type="Edm.Int32"/>
				<Property Name="IsActiveEntity" Type="Edm.Boolean" Nullable="false"/>
				<Property Name="HasActiveEntity" Type="Edm.Boolean" Nullable="false"/>
				<Property Name="HasDraftEntity" Type="Edm.Boolean" Nullable="false"/>
				<Property Name="DraftAdministrativeData_DraftUUID" Type="Edm.Guid"/>
				<NavigationProperty Name="layoutItem" Relationship="ManageLayoutService.ColumnsSelectedInLayout_layoutItem"
					FromRole="ColumnsSelectedInLayout" ToRole="LayoutInformation"/>
				<NavigationProperty Name="DraftAdministrativeData" Relationship="ManageLayoutService.ColumnsSelectedInLayout_DraftAdministrativeData"
					FromRole="ColumnsSelectedInLayout" ToRole="DraftAdministrativeData"/>
				<NavigationProperty Name="SiblingEntity" Relationship="ManageLayoutService.ColumnsSelectedInLayout_SiblingEntity"
					FromRole="ColumnsSelectedInLayout" ToRole="ColumnsSelectedInLayout1"/>
			</EntityType>
			<EntityType Name="DraftAdministrativeData">
				<Key>
					<PropertyRef Name="DraftUUID"/>
				</Key>
				<Property Name="DraftUUID" Type="Edm.Guid" Nullable="false"/>
				<Property Name="CreationDateTime" Type="Edm.DateTimeOffset" Precision="7"/>
				<Property Name="CreatedByUser" Type="Edm.String" MaxLength="256"/>
				<Property Name="DraftIsCreatedByMe" Type="Edm.Boolean"/>
				<Property Name="LastChangeDateTime" Type="Edm.DateTimeOffset" Precision="7"/>
				<Property Name="LastChangedByUser" Type="Edm.String" MaxLength="256"/>
				<Property Name="InProcessByUser" Type="Edm.String" MaxLength="256"/>
				<Property Name="DraftIsProcessedByMe" Type="Edm.Boolean"/>
			</EntityType>
			<EntityType Name="LayoutInformation">
				<Key>
					<PropertyRef Name="ID"/>
					<PropertyRef Name="IsActiveEntity"/>
				</Key>
				<Property Name="ID" Type="Edm.Guid" Nullable="false"/>
				<Property Name="layoutName" Type="Edm.String"/>
				<Property Name="description" Type="Edm.String" MaxLength="120"/>
				<Property Name="defaultFlag" Type="Edm.Boolean"/>
				<Property Name="layoutType" Type="Edm.String"/>
				<Property Name="referenceQuantity" Type="Edm.Double" sap:unit="UOM"/>
				<Property Name="UOM" Type="Edm.String" sap:semantics="unit-of-measure"/>
				<Property Name="createdAt" Type="Edm.DateTimeOffset" Precision="7"/>
				<Property Name="createdBy" Type="Edm.String" MaxLength="255"/>
				<Property Name="modifiedAt" Type="Edm.DateTimeOffset" Precision="7"/>
				<Property Name="modifiedBy" Type="Edm.String" MaxLength="255"/>
				<Property Name="IsActiveEntity" Type="Edm.Boolean" Nullable="false"/>
				<Property Name="HasActiveEntity" Type="Edm.Boolean" Nullable="false"/>
				<Property Name="HasDraftEntity" Type="Edm.Boolean" Nullable="false"/>
				<Property Name="DraftAdministrativeData_DraftUUID" Type="Edm.Guid"/>
				<NavigationProperty Name="columnsSelectedInLayout" Relationship="ManageLayoutService.ColumnsSelectedInLayout_layoutItem"
					FromRole="LayoutInformation" ToRole="ColumnsSelectedInLayout"/>
				<NavigationProperty Name="DraftAdministrativeData" Relationship="ManageLayoutService.LayoutInformation_DraftAdministrativeData"
					FromRole="LayoutInformation" ToRole="DraftAdministrativeData"/>
				<NavigationProperty Name="SiblingEntity" Relationship="ManageLayoutService.LayoutInformation_SiblingEntity" FromRole="LayoutInformation"
					ToRole="LayoutInformation1"/>
			</EntityType>
			<EntityType Name="LayoutType">
				<Key>
					<PropertyRef Name="ID"/>
				</Key>
				<Property Name="ID" Type="Edm.Int32" Nullable="false"/>
				<Property Name="typeName" Type="Edm.String"/>
			</EntityType>
			<EntityType Name="Subcategory">
				<Key>
					<PropertyRef Name="ID"/>
				</Key>
				<Property Name="ID" Type="Edm.Int32" Nullable="false"/>
				<Property Name="categoryId" Type="Edm.Int32"/>
				<Property Name="subCategoryName" Type="Edm.String"/>
			</EntityType>
			<EntityType Name="UOM">
				<Key>
					<PropertyRef Name="ID"/>
				</Key>
				<Property Name="ID" Type="Edm.String" Nullable="false"/>
				<Property Name="Description" Type="Edm.String"/>
			</EntityType>
			<Association Name="ColumnsSelectedInLayout_layoutItem">
				<End Type="ManageLayoutService.ColumnsSelectedInLayout" Multiplicity="*" Role="ColumnsSelectedInLayout"/>
				<End Type="ManageLayoutService.LayoutInformation" Multiplicity="0..1" Role="LayoutInformation"/>
				<ReferentialConstraint>
					<Principal Role="LayoutInformation">
						<PropertyRef Name="ID"/>
					</Principal>
					<Dependent Role="ColumnsSelectedInLayout">
						<PropertyRef Name="layoutItemId"/>
					</Dependent>
				</ReferentialConstraint>
			</Association>
			<Association Name="ColumnsSelectedInLayout_DraftAdministrativeData">
				<End Type="ManageLayoutService.ColumnsSelectedInLayout" Multiplicity="*" Role="ColumnsSelectedInLayout"/>
				<End Type="ManageLayoutService.DraftAdministrativeData" Multiplicity="0..1" Role="DraftAdministrativeData"/>
				<ReferentialConstraint>
					<Principal Role="DraftAdministrativeData">
						<PropertyRef Name="DraftUUID"/>
					</Principal>
					<Dependent Role="ColumnsSelectedInLayout">
						<PropertyRef Name="DraftAdministrativeData_DraftUUID"/>
					</Dependent>
				</ReferentialConstraint>
			</Association>
			<Association Name="ColumnsSelectedInLayout_SiblingEntity">
				<End Type="ManageLayoutService.ColumnsSelectedInLayout" Multiplicity="*" Role="ColumnsSelectedInLayout"/>
				<End Type="ManageLayoutService.ColumnsSelectedInLayout" Multiplicity="0..1" Role="ColumnsSelectedInLayout1"/>
			</Association>
			<Association Name="LayoutInformation_DraftAdministrativeData">
				<End Type="ManageLayoutService.LayoutInformation" Multiplicity="*" Role="LayoutInformation"/>
				<End Type="ManageLayoutService.DraftAdministrativeData" Multiplicity="0..1" Role="DraftAdministrativeData"/>
				<ReferentialConstraint>
					<Principal Role="DraftAdministrativeData">
						<PropertyRef Name="DraftUUID"/>
					</Principal>
					<Dependent Role="LayoutInformation">
						<PropertyRef Name="DraftAdministrativeData_DraftUUID"/>
					</Dependent>
				</ReferentialConstraint>
			</Association>
			<Association Name="LayoutInformation_SiblingEntity">
				<End Type="ManageLayoutService.LayoutInformation" Multiplicity="*" Role="LayoutInformation"/>
				<End Type="ManageLayoutService.LayoutInformation" Multiplicity="0..1" Role="LayoutInformation1"/>
			</Association>
			<EntityContainer Name="EntityContainer" m:IsDefaultEntityContainer="true">
				<EntitySet Name="CategoryType" EntityType="ManageLayoutService.CategoryType"/>
				<EntitySet Name="ColumnsSelectedInLayout" EntityType="ManageLayoutService.ColumnsSelectedInLayout"/>
				<EntitySet Name="DraftAdministrativeData" EntityType="ManageLayoutService.DraftAdministrativeData"/>
				<EntitySet Name="LayoutInformation" EntityType="ManageLayoutService.LayoutInformation"/>
				<EntitySet Name="LayoutType" EntityType="ManageLayoutService.LayoutType"/>
				<EntitySet Name="Subcategory" EntityType="ManageLayoutService.Subcategory"/>
				<EntitySet Name="UOM" EntityType="ManageLayoutService.UOM"/>
				<AssociationSet Name="ColumnsSelectedInLayout_layoutItem" Association="ManageLayoutService.ColumnsSelectedInLayout_layoutItem">
					<End EntitySet="ColumnsSelectedInLayout" Role="ColumnsSelectedInLayout"/>
					<End EntitySet="LayoutInformation" Role="LayoutInformation"/>
				</AssociationSet>
				<AssociationSet Name="ColumnsSelectedInLayout_DraftAdministrativeData"
					Association="ManageLayoutService.ColumnsSelectedInLayout_DraftAdministrativeData">
					<End EntitySet="ColumnsSelectedInLayout" Role="ColumnsSelectedInLayout"/>
					<End EntitySet="DraftAdministrativeData" Role="DraftAdministrativeData"/>
				</AssociationSet>
				<AssociationSet Name="ColumnsSelectedInLayout_SiblingEntity" Association="ManageLayoutService.ColumnsSelectedInLayout_SiblingEntity">
					<End EntitySet="ColumnsSelectedInLayout" Role="ColumnsSelectedInLayout"/>
					<End EntitySet="ColumnsSelectedInLayout" Role="ColumnsSelectedInLayout1"/>
				</AssociationSet>
				<AssociationSet Name="LayoutInformation_DraftAdministrativeData" Association="ManageLayoutService.LayoutInformation_DraftAdministrativeData">
					<End EntitySet="LayoutInformation" Role="LayoutInformation"/>
					<End EntitySet="DraftAdministrativeData" Role="DraftAdministrativeData"/>
				</AssociationSet>
				<AssociationSet Name="LayoutInformation_SiblingEntity" Association="ManageLayoutService.LayoutInformation_SiblingEntity">
					<End EntitySet="LayoutInformation" Role="LayoutInformation"/>
					<End EntitySet="LayoutInformation" Role="LayoutInformation1"/>
				</AssociationSet>
				<FunctionImport Name="ColumnsSelectedInLayout_draftPrepare" ReturnType="ManageLayoutService.ColumnsSelectedInLayout"
					EntitySet="ColumnsSelectedInLayout" m:HttpMethod="POST" sap:action-for="ManageLayoutService.ColumnsSelectedInLayout">
					<Parameter Name="ID" Type="Edm.Guid" Mode="In" Nullable="false"/>
					<Parameter Name="IsActiveEntity" Type="Edm.Boolean" Mode="In" Nullable="false"/>
					<Parameter Name="SideEffectsQualifier" Type="Edm.String" Mode="In" Nullable="true"/>
				</FunctionImport>
				<FunctionImport Name="LayoutInformation_draftPrepare" ReturnType="ManageLayoutService.LayoutInformation" EntitySet="LayoutInformation"
					m:HttpMethod="POST" sap:action-for="ManageLayoutService.LayoutInformation">
					<Parameter Name="ID" Type="Edm.Guid" Mode="In" Nullable="false"/>
					<Parameter Name="IsActiveEntity" Type="Edm.Boolean" Mode="In" Nullable="false"/>
					<Parameter Name="SideEffectsQualifier" Type="Edm.String" Mode="In" Nullable="true"/>
				</FunctionImport>
				<FunctionImport Name="LayoutInformation_draftActivate" ReturnType="ManageLayoutService.LayoutInformation" EntitySet="LayoutInformation"
					m:HttpMethod="POST" sap:action-for="ManageLayoutService.LayoutInformation">
					<Parameter Name="ID" Type="Edm.Guid" Mode="In" Nullable="false"/>
					<Parameter Name="IsActiveEntity" Type="Edm.Boolean" Mode="In" Nullable="false"/>
				</FunctionImport>
				<FunctionImport Name="LayoutInformation_draftEdit" ReturnType="ManageLayoutService.LayoutInformation" EntitySet="LayoutInformation"
					m:HttpMethod="POST" sap:action-for="ManageLayoutService.LayoutInformation">
					<Parameter Name="ID" Type="Edm.Guid" Mode="In" Nullable="false"/>
					<Parameter Name="IsActiveEntity" Type="Edm.Boolean" Mode="In" Nullable="false"/>
					<Parameter Name="PreserveChanges" Type="Edm.Boolean" Mode="In" Nullable="true"/>
				</FunctionImport>
				<FunctionImport Name="addBasicColumn" ReturnType="Edm.String" m:HttpMethod="GET">
					<Parameter Name="ID" Type="Edm.String" Mode="In" Nullable="true"/>
					<Parameter Name="category" Type="Edm.String" Mode="In" Nullable="true"/>
					<Parameter Name="subCategory" Type="Edm.String" Mode="In" Nullable="true"/>
				</FunctionImport>
				<FunctionImport Name="findUserDefaultLayout" ReturnType="Edm.String" m:HttpMethod="GET"/>
				<FunctionImport Name="getLayoutList" ReturnType="Collection(ManageLayoutService.LayoutInformation)" EntitySet="LayoutInformation"
					m:HttpMethod="GET"/>
				<FunctionImport Name="layoutFixedColumnSave" ReturnType="Edm.String" m:HttpMethod="GET">
					<Parameter Name="ID" Type="Edm.String" Mode="In" Nullable="true"/>
					<Parameter Name="fixed" Type="Edm.Boolean" Mode="In" Nullable="true"/>
				</FunctionImport>
				<FunctionImport Name="reorderSelectedColumn" ReturnType="Edm.String" m:HttpMethod="GET">
					<Parameter Name="ID" Type="Edm.String" Mode="In" Nullable="true"/>
					<Parameter Name="reorderAction" Type="Edm.String" Mode="In" Nullable="true"/>
					<Parameter Name="displayMode" Type="Edm.String" Mode="In" Nullable="true"/>
				</FunctionImport>
				<FunctionImport Name="saveUserDefaultLayout" ReturnType="Edm.String" m:HttpMethod="GET">
					<Parameter Name="ID" Type="Edm.String" Mode="In" Nullable="true"/>
				</FunctionImport>
			</EntityContainer>
			<Annotations xmlns="http://docs.oasis-open.org/odata/ns/edm" Target="ManageLayoutService.ColumnsSelectedInLayout">
				<Annotation xmlns="http://docs.oasis-open.org/odata/ns/edm" Term="UI.LineItem" Qualifier="ColumnSelection">
					<Collection xmlns="http://docs.oasis-open.org/odata/ns/edm">
						<Record xmlns="http://docs.oasis-open.org/odata/ns/edm" Type="UI.DataField">
							<PropertyValue xmlns="http://docs.oasis-open.org/odata/ns/edm" Property="Value" Path="categoryName"/>
						</Record>
						<Record xmlns="http://docs.oasis-open.org/odata/ns/edm" Type="UI.DataField">
							<PropertyValue xmlns="http://docs.oasis-open.org/odata/ns/edm" Property="Value" Path="subCategoryName"/>
						</Record>
						<Record xmlns="http://docs.oasis-open.org/odata/ns/edm" Type="UI.DataField">
							<PropertyValue xmlns="http://docs.oasis-open.org/odata/ns/edm" Property="Value" Path="UOM"/>
						</Record>
						<Record xmlns="http://docs.oasis-open.org/odata/ns/edm" Type="UI.DataField">
							<PropertyValue xmlns="http://docs.oasis-open.org/odata/ns/edm" Property="Value" Path="fixedColumn"/>
						</Record>
					</Collection>
				</Annotation>
			</Annotations>
			<Annotations xmlns="http://docs.oasis-open.org/odata/ns/edm" Target="ManageLayoutService.EntityContainer/ColumnsSelectedInLayout">
				<Annotation xmlns="http://docs.oasis-open.org/odata/ns/edm" Term="Capabilities.SearchRestrictions">
					<Record xmlns="http://docs.oasis-open.org/odata/ns/edm" Type="Capabilities.SearchRestrictionsType">
						<PropertyValue xmlns="http://docs.oasis-open.org/odata/ns/edm" Property="Searchable" Bool="false"/>
					</Record>
				</Annotation>
				<Annotation xmlns="http://docs.oasis-open.org/odata/ns/edm" Term="Common.DraftNode">
					<Record xmlns="http://docs.oasis-open.org/odata/ns/edm" Type="Common.DraftNodeType">
						<PropertyValue xmlns="http://docs.oasis-open.org/odata/ns/edm" Property="PreparationAction"
							String="ManageLayoutService.EntityContainer/ColumnsSelectedInLayout_draftPrepare"/>
					</Record>
				</Annotation>
			</Annotations>
			<Annotations xmlns="http://docs.oasis-open.org/odata/ns/edm" Target="ManageLayoutService.ColumnsSelectedInLayout/layoutItemId">
				<Annotation xmlns="http://docs.oasis-open.org/odata/ns/edm" Term="UI.Hidden" Bool="true"/>
			</Annotations>
			<Annotations xmlns="http://docs.oasis-open.org/odata/ns/edm" Target="ManageLayoutService.ColumnsSelectedInLayout/categoryName">
				<Annotation xmlns="http://docs.oasis-open.org/odata/ns/edm" Term="Common.Label" String="Category"/>
			</Annotations>
			<Annotations xmlns="http://docs.oasis-open.org/odata/ns/edm" Target="ManageLayoutService.ColumnsSelectedInLayout/subCategoryName">
				<Annotation xmlns="http://docs.oasis-open.org/odata/ns/edm" Term="Common.Label" String="Description"/>
			</Annotations>
			<Annotations xmlns="http://docs.oasis-open.org/odata/ns/edm" Target="ManageLayoutService.ColumnsSelectedInLayout/UOM">
				<Annotation xmlns="http://docs.oasis-open.org/odata/ns/edm" Term="Common.Label" String="UoM"/>
			</Annotations>
			<Annotations xmlns="http://docs.oasis-open.org/odata/ns/edm" Target="ManageLayoutService.ColumnsSelectedInLayout/fixedColumn">
				<Annotation xmlns="http://docs.oasis-open.org/odata/ns/edm" Term="Common.Label" String="Fixed Column"/>
			</Annotations>
			<Annotations xmlns="http://docs.oasis-open.org/odata/ns/edm" Target="ManageLayoutService.ColumnsSelectedInLayout/columnOrder">
				<Annotation xmlns="http://docs.oasis-open.org/odata/ns/edm" Term="UI.Hidden" Bool="true"/>
			</Annotations>
			<Annotations xmlns="http://docs.oasis-open.org/odata/ns/edm" Target="ManageLayoutService.ColumnsSelectedInLayout/IsActiveEntity">
				<Annotation xmlns="http://docs.oasis-open.org/odata/ns/edm" Term="UI.Hidden" Bool="true"/>
			</Annotations>
			<Annotations xmlns="http://docs.oasis-open.org/odata/ns/edm" Target="ManageLayoutService.ColumnsSelectedInLayout/HasActiveEntity">
				<Annotation xmlns="http://docs.oasis-open.org/odata/ns/edm" Term="UI.Hidden" Bool="true"/>
			</Annotations>
			<Annotations xmlns="http://docs.oasis-open.org/odata/ns/edm" Target="ManageLayoutService.ColumnsSelectedInLayout/HasDraftEntity">
				<Annotation xmlns="http://docs.oasis-open.org/odata/ns/edm" Term="UI.Hidden" Bool="true"/>
			</Annotations>
			<Annotations xmlns="http://docs.oasis-open.org/odata/ns/edm" Target="ManageLayoutService.ColumnsSelectedInLayout/DraftAdministrativeData">
				<Annotation xmlns="http://docs.oasis-open.org/odata/ns/edm" Term="UI.Hidden" Bool="true"/>
			</Annotations>
			<Annotations xmlns="http://docs.oasis-open.org/odata/ns/edm"
				Target="ManageLayoutService.ColumnsSelectedInLayout/DraftAdministrativeData_DraftUUID">
				<Annotation xmlns="http://docs.oasis-open.org/odata/ns/edm" Term="UI.Hidden" Bool="true"/>
			</Annotations>
			<Annotations xmlns="http://docs.oasis-open.org/odata/ns/edm" Target="ManageLayoutService.LayoutInformation">
				<Annotation xmlns="http://docs.oasis-open.org/odata/ns/edm" Term="UI.Facets">
					<Collection xmlns="http://docs.oasis-open.org/odata/ns/edm">
						<Record xmlns="http://docs.oasis-open.org/odata/ns/edm" Type="UI.CollectionFacet">
							<PropertyValue xmlns="http://docs.oasis-open.org/odata/ns/edm" Property="Facets">
								<Collection xmlns="http://docs.oasis-open.org/odata/ns/edm">
									<Record xmlns="http://docs.oasis-open.org/odata/ns/edm" Type="UI.CollectionFacet">
										<PropertyValue xmlns="http://docs.oasis-open.org/odata/ns/edm" Property="Facets">
											<Collection xmlns="http://docs.oasis-open.org/odata/ns/edm">
												<Record xmlns="http://docs.oasis-open.org/odata/ns/edm" Type="UI.ReferenceFacet">
													<PropertyValue xmlns="http://docs.oasis-open.org/odata/ns/edm" Property="Target" AnnotationPath="@UI.FieldGroup#LayoutName"/>
												</Record>
												<Record xmlns="http://docs.oasis-open.org/odata/ns/edm" Type="UI.ReferenceFacet">
													<PropertyValue xmlns="http://docs.oasis-open.org/odata/ns/edm" Property="Target" AnnotationPath="@UI.FieldGroup#Summary"/>
												</Record>
												<Record xmlns="http://docs.oasis-open.org/odata/ns/edm" Type="UI.ReferenceFacet">
													<PropertyValue xmlns="http://docs.oasis-open.org/odata/ns/edm" Property="Target" AnnotationPath="@UI.FieldGroup#LayoutTRQ"/>
												</Record>
											</Collection>
										</PropertyValue>
									</Record>
								</Collection>
							</PropertyValue>
							<PropertyValue xmlns="http://docs.oasis-open.org/odata/ns/edm" Property="Label" String="Basic Details"/>
						</Record>
						<Record xmlns="http://docs.oasis-open.org/odata/ns/edm" Type="UI.ReferenceFacet">
							<PropertyValue xmlns="http://docs.oasis-open.org/odata/ns/edm" Property="Label" String="List of Formula Columns"/>
							<PropertyValue xmlns="http://docs.oasis-open.org/odata/ns/edm" Property="Target"
								AnnotationPath="columnsSelectedInLayout/@UI.LineItem#ColumnSelection"/>
						</Record>
					</Collection>
				</Annotation>
				<Annotation xmlns="http://docs.oasis-open.org/odata/ns/edm" Term="UI.FieldGroup" Qualifier="LayoutName">
					<Record xmlns="http://docs.oasis-open.org/odata/ns/edm" Type="UI.FieldGroupType">
						<PropertyValue xmlns="http://docs.oasis-open.org/odata/ns/edm" Property="Data">
							<Collection xmlns="http://docs.oasis-open.org/odata/ns/edm">
								<Record xmlns="http://docs.oasis-open.org/odata/ns/edm" Type="UI.DataField">
									<PropertyValue xmlns="http://docs.oasis-open.org/odata/ns/edm" Property="Value" Path="layoutName"/>
									<PropertyValue xmlns="http://docs.oasis-open.org/odata/ns/edm" Property="Label" String="Layout Name"/>
								</Record>
							</Collection>
						</PropertyValue>
					</Record>
				</Annotation>
				<Annotation xmlns="http://docs.oasis-open.org/odata/ns/edm" Term="UI.FieldGroup" Qualifier="LayoutTRQ">
					<Record xmlns="http://docs.oasis-open.org/odata/ns/edm" Type="UI.FieldGroupType">
						<PropertyValue xmlns="http://docs.oasis-open.org/odata/ns/edm" Property="Data">
							<Collection xmlns="http://docs.oasis-open.org/odata/ns/edm">
								<Record xmlns="http://docs.oasis-open.org/odata/ns/edm" Type="UI.DataField">
									<PropertyValue xmlns="http://docs.oasis-open.org/odata/ns/edm" Property="Value" Path="layoutType"/>
									<PropertyValue xmlns="http://docs.oasis-open.org/odata/ns/edm" Property="Label" String="Type"/>
								</Record>
								<Record xmlns="http://docs.oasis-open.org/odata/ns/edm" Type="UI.DataField">
									<PropertyValue xmlns="http://docs.oasis-open.org/odata/ns/edm" Property="Value" Path="referenceQuantity"/>
									<PropertyValue xmlns="http://docs.oasis-open.org/odata/ns/edm" Property="Label" String="Reference Quantity"/>
								</Record>
							</Collection>
						</PropertyValue>
					</Record>
				</Annotation>
				<Annotation xmlns="http://docs.oasis-open.org/odata/ns/edm" Term="UI.FieldGroup" Qualifier="Summary">
					<Record xmlns="http://docs.oasis-open.org/odata/ns/edm" Type="UI.FieldGroupType">
						<PropertyValue xmlns="http://docs.oasis-open.org/odata/ns/edm" Property="Data">
							<Collection xmlns="http://docs.oasis-open.org/odata/ns/edm">
								<Record xmlns="http://docs.oasis-open.org/odata/ns/edm" Type="UI.DataField">
									<PropertyValue xmlns="http://docs.oasis-open.org/odata/ns/edm" Property="Value" Path="description"/>
									<PropertyValue xmlns="http://docs.oasis-open.org/odata/ns/edm" Property="Label" String="Summary"/>
								</Record>
							</Collection>
						</PropertyValue>
					</Record>
				</Annotation>
				<Annotation xmlns="http://docs.oasis-open.org/odata/ns/edm" Term="UI.HeaderInfo">
					<Record xmlns="http://docs.oasis-open.org/odata/ns/edm" Type="UI.HeaderInfoType">
						<PropertyValue xmlns="http://docs.oasis-open.org/odata/ns/edm" Property="Description">
							<Record xmlns="http://docs.oasis-open.org/odata/ns/edm" Type="UI.DataField">
								<PropertyValue xmlns="http://docs.oasis-open.org/odata/ns/edm" Property="Value" Path="layoutName"/>
							</Record>
						</PropertyValue>
						<PropertyValue xmlns="http://docs.oasis-open.org/odata/ns/edm" Property="Title">
							<Record xmlns="http://docs.oasis-open.org/odata/ns/edm" Type="UI.DataField">
								<PropertyValue xmlns="http://docs.oasis-open.org/odata/ns/edm" Property="Value" Path="ID"/>
							</Record>
						</PropertyValue>
					</Record>
				</Annotation>
				<Annotation xmlns="http://docs.oasis-open.org/odata/ns/edm" Term="UI.LineItem">
					<Collection xmlns="http://docs.oasis-open.org/odata/ns/edm">
						<Record xmlns="http://docs.oasis-open.org/odata/ns/edm" Type="UI.DataField">
							<PropertyValue xmlns="http://docs.oasis-open.org/odata/ns/edm" Property="Value" Path="layoutName"/>
							<PropertyValue xmlns="http://docs.oasis-open.org/odata/ns/edm" Property="Label" String="Layout"/>
						</Record>
						<Record xmlns="http://docs.oasis-open.org/odata/ns/edm" Type="UI.DataField">
							<PropertyValue xmlns="http://docs.oasis-open.org/odata/ns/edm" Property="Value" Path="createdBy"/>
							<PropertyValue xmlns="http://docs.oasis-open.org/odata/ns/edm" Property="Label" String="Created By"/>
						</Record>
						<Record xmlns="http://docs.oasis-open.org/odata/ns/edm" Type="UI.DataField">
							<PropertyValue xmlns="http://docs.oasis-open.org/odata/ns/edm" Property="Value" Path="layoutType"/>
							<PropertyValue xmlns="http://docs.oasis-open.org/odata/ns/edm" Property="Label" String="Type"/>
						</Record>
						<Record xmlns="http://docs.oasis-open.org/odata/ns/edm" Type="UI.DataField">
							<PropertyValue xmlns="http://docs.oasis-open.org/odata/ns/edm" Property="Value" Path="createdAt"/>
							<PropertyValue xmlns="http://docs.oasis-open.org/odata/ns/edm" Property="Label" String="Created On"/>
						</Record>
						<Record xmlns="http://docs.oasis-open.org/odata/ns/edm" Type="UI.DataField">
							<PropertyValue xmlns="http://docs.oasis-open.org/odata/ns/edm" Property="Value" Path="modifiedBy"/>
							<PropertyValue xmlns="http://docs.oasis-open.org/odata/ns/edm" Property="Label" String="Changed By"/>
						</Record>
						<Record xmlns="http://docs.oasis-open.org/odata/ns/edm" Type="UI.DataField">
							<PropertyValue xmlns="http://docs.oasis-open.org/odata/ns/edm" Property="Value" Path="modifiedAt"/>
							<PropertyValue xmlns="http://docs.oasis-open.org/odata/ns/edm" Property="Label" String="Changed On"/>
						</Record>
					</Collection>
				</Annotation>
				<Annotation xmlns="http://docs.oasis-open.org/odata/ns/edm" Term="UI.SelectionFields">
					<Collection xmlns="http://docs.oasis-open.org/odata/ns/edm">
						<PropertyPath xmlns="http://docs.oasis-open.org/odata/ns/edm">layoutName</PropertyPath>
						<PropertyPath xmlns="http://docs.oasis-open.org/odata/ns/edm">layoutType</PropertyPath>
					</Collection>
				</Annotation>
			</Annotations>
			<Annotations xmlns="http://docs.oasis-open.org/odata/ns/edm" Target="ManageLayoutService.EntityContainer/LayoutInformation">
				<Annotation xmlns="http://docs.oasis-open.org/odata/ns/edm" Term="Capabilities.SearchRestrictions">
					<Record xmlns="http://docs.oasis-open.org/odata/ns/edm" Type="Capabilities.SearchRestrictionsType">
						<PropertyValue xmlns="http://docs.oasis-open.org/odata/ns/edm" Property="Searchable" Bool="true"/>
					</Record>
				</Annotation>
				<Annotation xmlns="http://docs.oasis-open.org/odata/ns/edm" Term="Common.DraftRoot">
					<Record xmlns="http://docs.oasis-open.org/odata/ns/edm" Type="Common.DraftRootType">
						<PropertyValue xmlns="http://docs.oasis-open.org/odata/ns/edm" Property="ActivationAction"
							String="ManageLayoutService.EntityContainer/LayoutInformation_draftActivate"/>
						<PropertyValue xmlns="http://docs.oasis-open.org/odata/ns/edm" Property="EditAction"
							String="ManageLayoutService.EntityContainer/LayoutInformation_draftEdit"/>
						<PropertyValue xmlns="http://docs.oasis-open.org/odata/ns/edm" Property="PreparationAction"
							String="ManageLayoutService.EntityContainer/LayoutInformation_draftPrepare"/>
					</Record>
				</Annotation>
			</Annotations>
			<Annotations xmlns="http://docs.oasis-open.org/odata/ns/edm" Target="ManageLayoutService.LayoutInformation/ID">
				<Annotation xmlns="http://docs.oasis-open.org/odata/ns/edm" Term="UI.Hidden" Bool="true"/>
			</Annotations>
			<Annotations xmlns="http://docs.oasis-open.org/odata/ns/edm" Target="ManageLayoutService.LayoutInformation/layoutName">
				<Annotation xmlns="http://docs.oasis-open.org/odata/ns/edm" Term="Common.FieldControl" EnumMember="Common.FieldControlType/Mandatory"/>
			</Annotations>
			<Annotations xmlns="http://docs.oasis-open.org/odata/ns/edm" Target="ManageLayoutService.LayoutInformation/description">
				<Annotation xmlns="http://docs.oasis-open.org/odata/ns/edm" Term="Common.label" String="Summary"/>
				<Annotation xmlns="http://docs.oasis-open.org/odata/ns/edm" Term="UI.MultiLineText" Bool="true"/>
			</Annotations>
			<Annotations xmlns="http://docs.oasis-open.org/odata/ns/edm" Target="ManageLayoutService.LayoutInformation/defaultFlag">
				<Annotation xmlns="http://docs.oasis-open.org/odata/ns/edm" Term="Common.Label" String="Default Formula Layout"/>
				<Annotation xmlns="http://docs.oasis-open.org/odata/ns/edm" Term="UI.Hidden" Bool="true"/>
			</Annotations>
			<Annotations xmlns="http://docs.oasis-open.org/odata/ns/edm" Target="ManageLayoutService.LayoutInformation/layoutType">
				<Annotation xmlns="http://docs.oasis-open.org/odata/ns/edm" Term="Common.ValueList">
					<Record xmlns="http://docs.oasis-open.org/odata/ns/edm" Type="Common.ValueListType">
						<PropertyValue xmlns="http://docs.oasis-open.org/odata/ns/edm" Property="CollectionPath" String="LayoutType"/>
						<PropertyValue xmlns="http://docs.oasis-open.org/odata/ns/edm" Property="Parameters">
							<Collection xmlns="http://docs.oasis-open.org/odata/ns/edm">
								<Record xmlns="http://docs.oasis-open.org/odata/ns/edm" Type="Common.ValueListParameterInOut">
									<PropertyValue xmlns="http://docs.oasis-open.org/odata/ns/edm" Property="LocalDataProperty" PropertyPath="layoutType"/>
									<PropertyValue xmlns="http://docs.oasis-open.org/odata/ns/edm" Property="ValueListProperty" String="typeName"/>
								</Record>
								<Record xmlns="http://docs.oasis-open.org/odata/ns/edm" Type="Common.ValueListParameterDisplayOnly">
									<PropertyValue xmlns="http://docs.oasis-open.org/odata/ns/edm" Property="ValueListProperty" String="typeName"/>
								</Record>
							</Collection>
						</PropertyValue>
						<PropertyValue xmlns="http://docs.oasis-open.org/odata/ns/edm" Property="SearchSupported" Bool="true"/>
					</Record>
				</Annotation>
				<Annotation xmlns="http://docs.oasis-open.org/odata/ns/edm" Term="Common.ValueListWithFixedValues" Bool="true"/>
				<Annotation xmlns="http://docs.oasis-open.org/odata/ns/edm" Term="Common.label" String="Summary"/>
			</Annotations>
			<Annotations xmlns="http://docs.oasis-open.org/odata/ns/edm" Target="ManageLayoutService.LayoutInformation/referenceQuantity">
				<Annotation xmlns="http://docs.oasis-open.org/odata/ns/edm" Term="Common.label" String="Summary"/>
			</Annotations>
			<Annotations xmlns="http://docs.oasis-open.org/odata/ns/edm" Target="ManageLayoutService.LayoutInformation/UOM">
				<Annotation xmlns="http://docs.oasis-open.org/odata/ns/edm" Term="Common.Text" Path="referenceQuantity"/>
				<Annotation xmlns="http://docs.oasis-open.org/odata/ns/edm" Term="Common.ValueList">
					<Record xmlns="http://docs.oasis-open.org/odata/ns/edm" Type="Common.ValueListType">
						<PropertyValue xmlns="http://docs.oasis-open.org/odata/ns/edm" Property="CollectionPath" String="UOM"/>
						<PropertyValue xmlns="http://docs.oasis-open.org/odata/ns/edm" Property="Parameters">
							<Collection xmlns="http://docs.oasis-open.org/odata/ns/edm">
								<Record xmlns="http://docs.oasis-open.org/odata/ns/edm" Type="Common.ValueListParameterIn">
									<PropertyValue xmlns="http://docs.oasis-open.org/odata/ns/edm" Property="LocalDataProperty" PropertyPath="UOM"/>
									<PropertyValue xmlns="http://docs.oasis-open.org/odata/ns/edm" Property="ValueListProperty" String="Description"/>
								</Record>
								<Record xmlns="http://docs.oasis-open.org/odata/ns/edm" Type="Common.ValueListParameterDisplayOnly">
									<PropertyValue xmlns="http://docs.oasis-open.org/odata/ns/edm" Property="ValueListProperty" String="Description"/>
								</Record>
								<Record xmlns="http://docs.oasis-open.org/odata/ns/edm" Type="Common.ValueListParameterOut">
									<PropertyValue xmlns="http://docs.oasis-open.org/odata/ns/edm" Property="LocalDataProperty" PropertyPath="UOM"/>
									<PropertyValue xmlns="http://docs.oasis-open.org/odata/ns/edm" Property="ValueListProperty" String="ID"/>
								</Record>
							</Collection>
						</PropertyValue>
						<PropertyValue xmlns="http://docs.oasis-open.org/odata/ns/edm" Property="SearchSupported" Bool="true"/>
					</Record>
				</Annotation>
				<Annotation xmlns="http://docs.oasis-open.org/odata/ns/edm" Term="Common.label" String="UoM"/>
			</Annotations>
			<Annotations xmlns="http://docs.oasis-open.org/odata/ns/edm" Target="ManageLayoutService.LayoutInformation/createdAt">
				<Annotation xmlns="http://docs.oasis-open.org/odata/ns/edm" Term="Common.Label" String="Created On"/>
				<Annotation xmlns="http://docs.oasis-open.org/odata/ns/edm" Term="Core.Computed" Bool="true"/>
			</Annotations>
			<Annotations xmlns="http://docs.oasis-open.org/odata/ns/edm" Target="ManageLayoutService.LayoutInformation/createdBy">
				<Annotation xmlns="http://docs.oasis-open.org/odata/ns/edm" Term="Common.Label" String="Created By"/>
				<Annotation xmlns="http://docs.oasis-open.org/odata/ns/edm" Term="Core.Computed" Bool="true"/>
			</Annotations>
			<Annotations xmlns="http://docs.oasis-open.org/odata/ns/edm" Target="ManageLayoutService.LayoutInformation/modifiedAt">
				<Annotation xmlns="http://docs.oasis-open.org/odata/ns/edm" Term="Common.Label" String="Changed On"/>
				<Annotation xmlns="http://docs.oasis-open.org/odata/ns/edm" Term="Core.Computed" Bool="true"/>
			</Annotations>
			<Annotations xmlns="http://docs.oasis-open.org/odata/ns/edm" Target="ManageLayoutService.LayoutInformation/modifiedBy">
				<Annotation xmlns="http://docs.oasis-open.org/odata/ns/edm" Term="Common.Label" String="Changed By"/>
				<Annotation xmlns="http://docs.oasis-open.org/odata/ns/edm" Term="Core.Computed" Bool="true"/>
			</Annotations>
			<Annotations xmlns="http://docs.oasis-open.org/odata/ns/edm" Target="ManageLayoutService.LayoutInformation/IsActiveEntity">
				<Annotation xmlns="http://docs.oasis-open.org/odata/ns/edm" Term="UI.Hidden" Bool="true"/>
			</Annotations>
			<Annotations xmlns="http://docs.oasis-open.org/odata/ns/edm" Target="ManageLayoutService.LayoutInformation/HasActiveEntity">
				<Annotation xmlns="http://docs.oasis-open.org/odata/ns/edm" Term="UI.Hidden" Bool="true"/>
			</Annotations>
			<Annotations xmlns="http://docs.oasis-open.org/odata/ns/edm" Target="ManageLayoutService.LayoutInformation/HasDraftEntity">
				<Annotation xmlns="http://docs.oasis-open.org/odata/ns/edm" Term="UI.Hidden" Bool="true"/>
			</Annotations>
			<Annotations xmlns="http://docs.oasis-open.org/odata/ns/edm" Target="ManageLayoutService.LayoutInformation/DraftAdministrativeData">
				<Annotation xmlns="http://docs.oasis-open.org/odata/ns/edm" Term="UI.Hidden" Bool="true"/>
			</Annotations>
			<Annotations xmlns="http://docs.oasis-open.org/odata/ns/edm"
				Target="ManageLayoutService.LayoutInformation/DraftAdministrativeData_DraftUUID">
				<Annotation xmlns="http://docs.oasis-open.org/odata/ns/edm" Term="UI.Hidden" Bool="true"/>
			</Annotations>
		</Schema>
	</edmx:DataServices>
</edmx:Edmx>