<edmx:Edmx xmlns:edmx="http://schemas.microsoft.com/ado/2007/06/edmx" xmlns:sap="http://www.sap.com/Protocols/SAPData"
	xmlns:ux="http://www.sap.com/Protocols/OData4SAP/UX" xmlns:gp="http://www.sap.com/Protocols/SAPData/GenericPlayer" Version="1.0">
	<edmx:Reference xmlns:edmx="http://docs.oasis-open.org/odata/ns/edmx"
		Uri="https://oasis-tcs.github.io/odata-vocabularies/vocabularies/Org.OData.Capabilities.V1.xml">
		<edmx:Include Alias="Capabilities" Namespace="Org.OData.Capabilities.V1"/>
	</edmx:Reference>
	<edmx:Reference xmlns:edmx="http://docs.oasis-open.org/odata/ns/edmx" Uri="https://sap.github.io/odata-vocabularies/vocabularies/Common.xml">
		<edmx:Include Alias="Common" Namespace="com.sap.vocabularies.Common.v1"/>
	</edmx:Reference>
	<edmx:Reference xmlns:edmx="http://docs.oasis-open.org/odata/ns/edmx"
		Uri="https://oasis-tcs.github.io/odata-vocabularies/vocabularies/Org.OData.Core.V1.xml">
		<edmx:Include Alias="Core" Namespace="Org.OData.Core.V1"/>
	</edmx:Reference>
	<edmx:Reference xmlns:edmx="http://docs.oasis-open.org/odata/ns/edmx" Uri="https://sap.github.io/odata-vocabularies/vocabularies/UI.xml">
		<edmx:Include Alias="UI" Namespace="com.sap.vocabularies.UI.v1"/>
	</edmx:Reference>
	<edmx:DataServices xmlns:m="http://schemas.microsoft.com/ado/2007/08/dataservices/metadata" m:DataServiceVersion="2.0">
		<Schema xmlns="http://schemas.microsoft.com/ado/2008/09/edm" Namespace="RecipeService">
			<EntityType Name="ComponentType">
				<Key>
					<PropertyRef Name="ID"/>
				</Key>
				<Property Name="ID" Type="Edm.String" Nullable="false"/>
				<Property Name="item" Type="Edm.String"/>
				<Property Name="description" Type="Edm.String"/>
			</EntityType>
			<EntityType Name="DraftAdministrativeData">
				<Key>
					<PropertyRef Name="DraftUUID"/>
				</Key>
				<Property Name="DraftUUID" Type="Edm.Guid" Nullable="false"/>
				<Property Name="CreationDateTime" Type="Edm.DateTimeOffset" Precision="7"/>
				<Property Name="CreatedByUser" Type="Edm.String" MaxLength="256"/>
				<Property Name="DraftIsCreatedByMe" Type="Edm.Boolean"/>
				<Property Name="LastChangeDateTime" Type="Edm.DateTimeOffset" Precision="7"/>
				<Property Name="LastChangedByUser" Type="Edm.String" MaxLength="256"/>
				<Property Name="InProcessByUser" Type="Edm.String" MaxLength="256"/>
				<Property Name="DraftIsProcessedByMe" Type="Edm.Boolean"/>
			</EntityType>
			<EntityType Name="Recipe">
				<Key>
					<PropertyRef Name="recipeID"/>
					<PropertyRef Name="IsActiveEntity"/>
				</Key>
				<Property Name="createdAt" Type="Edm.DateTimeOffset" Precision="7"/>
				<Property Name="createdBy" Type="Edm.String" MaxLength="255"/>
				<Property Name="modifiedAt" Type="Edm.DateTimeOffset" Precision="7"/>
				<Property Name="modifiedBy" Type="Edm.String" MaxLength="255"/>
				<Property Name="recipeID" Type="Edm.Guid" Nullable="false"/>
				<Property Name="recipeNAME" Type="Edm.String"/>
				<Property Name="recipeDESCRIPTION" Type="Edm.String" sap:quickinfo="Description"/>
				<Property Name="recipeSTATUS" Type="Edm.String"/>
				<Property Name="recipeTYPE" Type="Edm.String"/>
				<Property Name="VALID_TO" Type="Edm.DateTime" sap:filter-restriction="interval" sap:display-format="Date"/>
				<Property Name="VALID_FROM" Type="Edm.DateTime" sap:filter-restriction="interval" sap:display-format="Date"/>
				<Property Name="evaluationID" Type="Edm.Guid"/>
				<Property Name="evaluationName" Type="Edm.String"/>
				<Property Name="nextRecipeStatus" Type="Edm.String"/>
				<Property Name="criticality" Type="Edm.String"/>
				<Property Name="UseLimitsOfevaluationSheet" Type="Edm.String"/>
				<Property Name="IsActiveEntity" Type="Edm.Boolean" Nullable="false"/>
				<Property Name="HasActiveEntity" Type="Edm.Boolean" Nullable="false"/>
				<Property Name="HasDraftEntity" Type="Edm.Boolean" Nullable="false"/>
				<Property Name="DraftAdministrativeData_DraftUUID" Type="Edm.Guid"/>
				<NavigationProperty Name="recipe" Relationship="RecipeService.RecipeSpecification_RecipeSpecification" FromRole="Recipe"
					ToRole="RecipeSpecification"/>
				<NavigationProperty Name="DraftAdministrativeData" Relationship="RecipeService.Recipe_DraftAdministrativeData" FromRole="Recipe"
					ToRole="DraftAdministrativeData"/>
				<NavigationProperty Name="SiblingEntity" Relationship="RecipeService.Recipe_SiblingEntity" FromRole="Recipe" ToRole="Recipe1"/>
			</EntityType>
			<EntityType Name="RecipeSpecification">
				<Key>
					<PropertyRef Name="ID"/>
					<PropertyRef Name="IsActiveEntity"/>
				</Key>
				<Property Name="ID" Type="Edm.Guid" Nullable="false"/>
				<Property Name="recipeID" Type="Edm.Guid"/>
				<Property Name="specificationID" Type="Edm.String"/>
				<Property Name="specificationDescription" Type="Edm.String"/>
				<Property Name="formulaItemDescription" Type="Edm.String"/>
				<Property Name="density" Type="Edm.Double"/>
				<Property Name="piecetoMass" Type="Edm.Double"/>
				<Property Name="quantity" Type="Edm.Decimal"/>
				<Property Name="UOM" Type="Edm.String"/>
				<Property Name="componentType" Type="Edm.String"/>
				<Property Name="itemNumber" Type="Edm.Int32"/>
				<Property Name="nextItemNumber" Type="Edm.Int32"/>
				<Property Name="IsActiveEntity" Type="Edm.Boolean" Nullable="false"/>
				<Property Name="HasActiveEntity" Type="Edm.Boolean" Nullable="false"/>
				<Property Name="HasDraftEntity" Type="Edm.Boolean" Nullable="false"/>
				<Property Name="DraftAdministrativeData_DraftUUID" Type="Edm.Guid"/>
				<NavigationProperty Name="RecipeSpecification" Relationship="RecipeService.RecipeSpecification_RecipeSpecification"
					FromRole="RecipeSpecification" ToRole="Recipe"/>
				<NavigationProperty Name="DraftAdministrativeData" Relationship="RecipeService.RecipeSpecification_DraftAdministrativeData"
					FromRole="RecipeSpecification" ToRole="DraftAdministrativeData"/>
				<NavigationProperty Name="SiblingEntity" Relationship="RecipeService.RecipeSpecification_SiblingEntity" FromRole="RecipeSpecification"
					ToRole="RecipeSpecification1"/>
			</EntityType>
			<EntityType Name="RecipeStatus">
				<Key>
					<PropertyRef Name="ID"/>
				</Key>
				<Property Name="ID" Type="Edm.Int32" Nullable="false"/>
				<Property Name="STATUS" Type="Edm.String"/>
				<Property Name="nextStatus" Type="Edm.String"/>
			</EntityType>
			<EntityType Name="RecipeType">
				<Key>
					<PropertyRef Name="ID"/>
				</Key>
				<Property Name="ID" Type="Edm.String" Nullable="false"/>
				<Property Name="description" Type="Edm.String"/>
			</EntityType>
			<EntityType Name="Specification">
				<Key>
					<PropertyRef Name="specificationID"/>
				</Key>
				<Property Name="specificationID" Type="Edm.String" Nullable="false"/>
				<Property Name="specificationDescription" Type="Edm.String"/>
				<Property Name="formulaItemDescription" Type="Edm.String"/>
				<Property Name="density" Type="Edm.Double"/>
				<Property Name="piecetoMass" Type="Edm.Double"/>
				<Property Name="createdBY" Type="Edm.String"/>
				<Property Name="specType" Type="Edm.String"/>
				<Property Name="specificationVersion" Type="Edm.Double"/>
			</EntityType>
			<EntityType Name="Subcategory">
				<Key>
					<PropertyRef Name="ID"/>
				</Key>
				<Property Name="ID" Type="Edm.Int32" Nullable="false"/>
				<Property Name="categoryId" Type="Edm.Int32"/>
				<Property Name="subCategoryName" Type="Edm.String"/>
			</EntityType>
			<EntityType Name="UOM">
				<Key>
					<PropertyRef Name="Id"/>
				</Key>
				<Property Name="Id" Type="Edm.String" Nullable="false"/>
				<Property Name="description" Type="Edm.String"/>
			</EntityType>
			<Association Name="Recipe_DraftAdministrativeData">
				<End Type="RecipeService.Recipe" Multiplicity="*" Role="Recipe"/>
				<End Type="RecipeService.DraftAdministrativeData" Multiplicity="0..1" Role="DraftAdministrativeData"/>
				<ReferentialConstraint>
					<Principal Role="DraftAdministrativeData">
						<PropertyRef Name="DraftUUID"/>
					</Principal>
					<Dependent Role="Recipe">
						<PropertyRef Name="DraftAdministrativeData_DraftUUID"/>
					</Dependent>
				</ReferentialConstraint>
			</Association>
			<Association Name="Recipe_SiblingEntity">
				<End Type="RecipeService.Recipe" Multiplicity="*" Role="Recipe"/>
				<End Type="RecipeService.Recipe" Multiplicity="0..1" Role="Recipe1"/>
			</Association>
			<Association Name="RecipeSpecification_RecipeSpecification">
				<End Type="RecipeService.RecipeSpecification" Multiplicity="*" Role="RecipeSpecification">
					<OnDelete Action="Cascade"/>
				</End>
				<End Type="RecipeService.Recipe" Multiplicity="0..1" Role="Recipe"/>
				<ReferentialConstraint>
					<Principal Role="Recipe">
						<PropertyRef Name="recipeID"/>
					</Principal>
					<Dependent Role="RecipeSpecification">
						<PropertyRef Name="recipeID"/>
					</Dependent>
				</ReferentialConstraint>
			</Association>
			<Association Name="RecipeSpecification_DraftAdministrativeData">
				<End Type="RecipeService.RecipeSpecification" Multiplicity="*" Role="RecipeSpecification"/>
				<End Type="RecipeService.DraftAdministrativeData" Multiplicity="0..1" Role="DraftAdministrativeData"/>
				<ReferentialConstraint>
					<Principal Role="DraftAdministrativeData">
						<PropertyRef Name="DraftUUID"/>
					</Principal>
					<Dependent Role="RecipeSpecification">
						<PropertyRef Name="DraftAdministrativeData_DraftUUID"/>
					</Dependent>
				</ReferentialConstraint>
			</Association>
			<Association Name="RecipeSpecification_SiblingEntity">
				<End Type="RecipeService.RecipeSpecification" Multiplicity="*" Role="RecipeSpecification"/>
				<End Type="RecipeService.RecipeSpecification" Multiplicity="0..1" Role="RecipeSpecification1"/>
			</Association>
			<EntityContainer Name="EntityContainer" m:IsDefaultEntityContainer="true">
				<EntitySet Name="ComponentType" EntityType="RecipeService.ComponentType"/>
				<EntitySet Name="DraftAdministrativeData" EntityType="RecipeService.DraftAdministrativeData"/>
				<EntitySet Name="Recipe" EntityType="RecipeService.Recipe"/>
				<EntitySet Name="RecipeSpecification" EntityType="RecipeService.RecipeSpecification"/>
				<EntitySet Name="RecipeStatus" EntityType="RecipeService.RecipeStatus"/>
				<EntitySet Name="RecipeType" EntityType="RecipeService.RecipeType"/>
				<EntitySet Name="Specification" EntityType="RecipeService.Specification"/>
				<EntitySet Name="Subcategory" EntityType="RecipeService.Subcategory"/>
				<EntitySet Name="UOM" EntityType="RecipeService.UOM"/>
				<AssociationSet Name="Recipe_DraftAdministrativeData" Association="RecipeService.Recipe_DraftAdministrativeData">
					<End EntitySet="Recipe" Role="Recipe"/>
					<End EntitySet="DraftAdministrativeData" Role="DraftAdministrativeData"/>
				</AssociationSet>
				<AssociationSet Name="Recipe_SiblingEntity" Association="RecipeService.Recipe_SiblingEntity">
					<End EntitySet="Recipe" Role="Recipe"/>
					<End EntitySet="Recipe" Role="Recipe1"/>
				</AssociationSet>
				<AssociationSet Name="RecipeSpecification_RecipeSpecification" Association="RecipeService.RecipeSpecification_RecipeSpecification">
					<End EntitySet="RecipeSpecification" Role="RecipeSpecification"/>
					<End EntitySet="Recipe" Role="Recipe"/>
				</AssociationSet>
				<AssociationSet Name="RecipeSpecification_DraftAdministrativeData" Association="RecipeService.RecipeSpecification_DraftAdministrativeData">
					<End EntitySet="RecipeSpecification" Role="RecipeSpecification"/>
					<End EntitySet="DraftAdministrativeData" Role="DraftAdministrativeData"/>
				</AssociationSet>
				<AssociationSet Name="RecipeSpecification_SiblingEntity" Association="RecipeService.RecipeSpecification_SiblingEntity">
					<End EntitySet="RecipeSpecification" Role="RecipeSpecification"/>
					<End EntitySet="RecipeSpecification" Role="RecipeSpecification1"/>
				</AssociationSet>
				<FunctionImport Name="Recipe_draftPrepare" ReturnType="RecipeService.Recipe" EntitySet="Recipe" m:HttpMethod="POST"
					sap:action-for="RecipeService.Recipe">
					<Parameter Name="recipeID" Type="Edm.Guid" Mode="In" Nullable="false"/>
					<Parameter Name="IsActiveEntity" Type="Edm.Boolean" Mode="In" Nullable="false"/>
					<Parameter Name="SideEffectsQualifier" Type="Edm.String" Mode="In" Nullable="true"/>
				</FunctionImport>
				<FunctionImport Name="Recipe_draftActivate" ReturnType="RecipeService.Recipe" EntitySet="Recipe" m:HttpMethod="POST"
					sap:action-for="RecipeService.Recipe">
					<Parameter Name="recipeID" Type="Edm.Guid" Mode="In" Nullable="false"/>
					<Parameter Name="IsActiveEntity" Type="Edm.Boolean" Mode="In" Nullable="false"/>
				</FunctionImport>
				<FunctionImport Name="Recipe_draftEdit" ReturnType="RecipeService.Recipe" EntitySet="Recipe" m:HttpMethod="POST"
					sap:action-for="RecipeService.Recipe">
					<Parameter Name="recipeID" Type="Edm.Guid" Mode="In" Nullable="false"/>
					<Parameter Name="IsActiveEntity" Type="Edm.Boolean" Mode="In" Nullable="false"/>
					<Parameter Name="PreserveChanges" Type="Edm.Boolean" Mode="In" Nullable="true"/>
				</FunctionImport>
				<FunctionImport Name="RecipeSpecification_draftPrepare" ReturnType="RecipeService.RecipeSpecification" EntitySet="RecipeSpecification"
					m:HttpMethod="POST" sap:action-for="RecipeService.RecipeSpecification">
					<Parameter Name="ID" Type="Edm.Guid" Mode="In" Nullable="false"/>
					<Parameter Name="IsActiveEntity" Type="Edm.Boolean" Mode="In" Nullable="false"/>
					<Parameter Name="SideEffectsQualifier" Type="Edm.String" Mode="In" Nullable="true"/>
				</FunctionImport>
				<FunctionImport Name="addSpecification" ReturnType="Edm.String" m:HttpMethod="GET">
					<Parameter Name="recipeID" Type="Edm.String" Mode="In" Nullable="true"/>
					<Parameter Name="specificationID" Type="Edm.String" Mode="In" Nullable="true"/>
					<Parameter Name="itemNumber" Type="Edm.Int32" Mode="In" Nullable="true"/>
					<Parameter Name="nextItemNumber" Type="Edm.Int32" Mode="In" Nullable="true"/>
				</FunctionImport>
				<FunctionImport Name="deleteFormulaItem" ReturnType="Edm.String" m:HttpMethod="GET">
					<Parameter Name="itemNumber" Type="Edm.String" Mode="In" Nullable="true"/>
				</FunctionImport>
				<FunctionImport Name="formulaQuantityCalculation" ReturnType="Edm.String" m:HttpMethod="GET">
					<Parameter Name="recipeID" Type="Edm.String" Mode="In" Nullable="true"/>
				</FunctionImport>
				<FunctionImport Name="reorderSpecificationID" ReturnType="Edm.String" m:HttpMethod="GET">
					<Parameter Name="ID" Type="Edm.String" Mode="In" Nullable="true"/>
					<Parameter Name="reorderAction" Type="Edm.String" Mode="In" Nullable="true"/>
				</FunctionImport>
				<FunctionImport Name="updateDraftSpecificationValues" ReturnType="Edm.String" m:HttpMethod="GET">
					<Parameter Name="ID" Type="Edm.String" Mode="In" Nullable="true"/>
					<Parameter Name="UOM" Type="Edm.String" Mode="In" Nullable="true"/>
					<Parameter Name="quantity" Type="Edm.Double" Mode="In" Nullable="true"/>
					<Parameter Name="componentType" Type="Edm.String" Mode="In" Nullable="true"/>
					<Parameter Name="specificationDescription" Type="Edm.String" Mode="In" Nullable="true"/>
					<Parameter Name="specificationID" Type="Edm.String" Mode="In" Nullable="true"/>
					<Parameter Name="formulaItemDescription" Type="Edm.String" Mode="In" Nullable="true"/>
					<Parameter Name="density" Type="Edm.Double" Mode="In" Nullable="true"/>
					<Parameter Name="piecetoMass" Type="Edm.Double" Mode="In" Nullable="true"/>
				</FunctionImport>
				<FunctionImport Name="validateManuallyEnteredUOM" ReturnType="Edm.String" m:HttpMethod="GET">
					<Parameter Name="uom" Type="Edm.String" Mode="In" Nullable="true"/>
				</FunctionImport>
				<FunctionImport Name="validateSpecificationId" ReturnType="Edm.String" m:HttpMethod="GET">
					<Parameter Name="specificationID" Type="Edm.String" Mode="In" Nullable="true"/>
				</FunctionImport>
			</EntityContainer>
			<Annotations xmlns="http://docs.oasis-open.org/odata/ns/edm" Target="RecipeService.Recipe">
				<Annotation xmlns="http://docs.oasis-open.org/odata/ns/edm" Term="UI.DataPoint" Qualifier="status">
					<Record xmlns="http://docs.oasis-open.org/odata/ns/edm" Type="UI.DataPointType">
						<PropertyValue xmlns="http://docs.oasis-open.org/odata/ns/edm" Property="Criticality" Path="criticality"/>
						<PropertyValue xmlns="http://docs.oasis-open.org/odata/ns/edm" Property="Title" String="Evaluation Status"/>
						<PropertyValue xmlns="http://docs.oasis-open.org/odata/ns/edm" Property="Value" Path="recipeSTATUS"/>
					</Record>
				</Annotation>
				<Annotation xmlns="http://docs.oasis-open.org/odata/ns/edm" Term="UI.Facets">
					<Collection xmlns="http://docs.oasis-open.org/odata/ns/edm">
						<Record xmlns="http://docs.oasis-open.org/odata/ns/edm" Type="UI.ReferenceFacet">
							<PropertyValue xmlns="http://docs.oasis-open.org/odata/ns/edm" Property="Facets">
								<Collection xmlns="http://docs.oasis-open.org/odata/ns/edm">
									<Record xmlns="http://docs.oasis-open.org/odata/ns/edm" Type="UI.ReferenceFacet"/>
								</Collection>
							</PropertyValue>
							<PropertyValue xmlns="http://docs.oasis-open.org/odata/ns/edm" Property="Label" String="Formula"/>
							<PropertyValue xmlns="http://docs.oasis-open.org/odata/ns/edm" Property="ID" String="1"/>
						</Record>
					</Collection>
				</Annotation>
				<Annotation xmlns="http://docs.oasis-open.org/odata/ns/edm" Term="UI.FieldGroup" Qualifier="EvaluationSheetInfo">
					<Record xmlns="http://docs.oasis-open.org/odata/ns/edm" Type="UI.FieldGroupType">
						<PropertyValue xmlns="http://docs.oasis-open.org/odata/ns/edm" Property="Data">
							<Collection xmlns="http://docs.oasis-open.org/odata/ns/edm">
								<Record xmlns="http://docs.oasis-open.org/odata/ns/edm" Type="UI.DataField">
									<PropertyValue xmlns="http://docs.oasis-open.org/odata/ns/edm" Property="Value" Path="UseLimitsOfevaluationSheet"/>
									<PropertyValue xmlns="http://docs.oasis-open.org/odata/ns/edm" Property="Label" String="Assigned to Evaluation Sheet"/>
								</Record>
							</Collection>
						</PropertyValue>
					</Record>
				</Annotation>
				<Annotation xmlns="http://docs.oasis-open.org/odata/ns/edm" Term="UI.FieldGroup" Qualifier="StatusInfo">
					<Record xmlns="http://docs.oasis-open.org/odata/ns/edm" Type="UI.FieldGroupType">
						<PropertyValue xmlns="http://docs.oasis-open.org/odata/ns/edm" Property="Data">
							<Collection xmlns="http://docs.oasis-open.org/odata/ns/edm">
								<Record xmlns="http://docs.oasis-open.org/odata/ns/edm" Type="UI.DataField">
									<PropertyValue xmlns="http://docs.oasis-open.org/odata/ns/edm" Property="Value" Path="recipeSTATUS"/>
									<PropertyValue xmlns="http://docs.oasis-open.org/odata/ns/edm" Property="Criticality" Path="criticality"/>
								</Record>
							</Collection>
						</PropertyValue>
					</Record>
				</Annotation>
				<Annotation xmlns="http://docs.oasis-open.org/odata/ns/edm" Term="UI.FieldGroup" Qualifier="descriptionField">
					<Record xmlns="http://docs.oasis-open.org/odata/ns/edm" Type="UI.FieldGroupType">
						<PropertyValue xmlns="http://docs.oasis-open.org/odata/ns/edm" Property="Data">
							<Collection xmlns="http://docs.oasis-open.org/odata/ns/edm">
								<Record xmlns="http://docs.oasis-open.org/odata/ns/edm" Type="UI.DataField">
									<PropertyValue xmlns="http://docs.oasis-open.org/odata/ns/edm" Property="Value" Path="recipeDESCRIPTION"/>
								</Record>
							</Collection>
						</PropertyValue>
					</Record>
				</Annotation>
				<Annotation xmlns="http://docs.oasis-open.org/odata/ns/edm" Term="UI.FieldGroup" Qualifier="typeanddate">
					<Record xmlns="http://docs.oasis-open.org/odata/ns/edm" Type="UI.FieldGroupType">
						<PropertyValue xmlns="http://docs.oasis-open.org/odata/ns/edm" Property="Data">
							<Collection xmlns="http://docs.oasis-open.org/odata/ns/edm">
								<Record xmlns="http://docs.oasis-open.org/odata/ns/edm" Type="UI.DataField">
									<PropertyValue xmlns="http://docs.oasis-open.org/odata/ns/edm" Property="Value" Path="recipeTYPE"/>
								</Record>
								<Record xmlns="http://docs.oasis-open.org/odata/ns/edm" Type="UI.DataField">
									<PropertyValue xmlns="http://docs.oasis-open.org/odata/ns/edm" Property="Value" Path="VALID_FROM"/>
								</Record>
								<Record xmlns="http://docs.oasis-open.org/odata/ns/edm" Type="UI.DataField">
									<PropertyValue xmlns="http://docs.oasis-open.org/odata/ns/edm" Property="Value" Path="VALID_TO"/>
								</Record>
							</Collection>
						</PropertyValue>
					</Record>
				</Annotation>
				<Annotation xmlns="http://docs.oasis-open.org/odata/ns/edm" Term="UI.HeaderFacets">
					<Collection xmlns="http://docs.oasis-open.org/odata/ns/edm">
						<Record xmlns="http://docs.oasis-open.org/odata/ns/edm" Type="UI.ReferenceFacet">
							<PropertyValue xmlns="http://docs.oasis-open.org/odata/ns/edm" Property="Target" AnnotationPath="@UI.FieldGroup#descriptionField"/>
							<PropertyValue xmlns="http://docs.oasis-open.org/odata/ns/edm" Property="position" Int="50"/>
						</Record>
						<Record xmlns="http://docs.oasis-open.org/odata/ns/edm" Type="UI.ReferenceFacet">
							<PropertyValue xmlns="http://docs.oasis-open.org/odata/ns/edm" Property="Target" AnnotationPath="@UI.FieldGroup#typeanddate"/>
							<PropertyValue xmlns="http://docs.oasis-open.org/odata/ns/edm" Property="position" Int="50"/>
						</Record>
						<Record xmlns="http://docs.oasis-open.org/odata/ns/edm" Type="UI.ReferenceFacet">
							<PropertyValue xmlns="http://docs.oasis-open.org/odata/ns/edm" Property="Target" AnnotationPath="@UI.FieldGroup#EvaluationSheetInfo"/>
							<PropertyValue xmlns="http://docs.oasis-open.org/odata/ns/edm" Property="position" Int="50"/>
						</Record>
					</Collection>
				</Annotation>
				<Annotation xmlns="http://docs.oasis-open.org/odata/ns/edm" Term="UI.HeaderInfo">
					<Record xmlns="http://docs.oasis-open.org/odata/ns/edm" Type="UI.HeaderInfoType">
						<PropertyValue xmlns="http://docs.oasis-open.org/odata/ns/edm" Property="Description">
							<Record xmlns="http://docs.oasis-open.org/odata/ns/edm" Type="UI.DataField">
								<PropertyValue xmlns="http://docs.oasis-open.org/odata/ns/edm" Property="Value" Path="recipeDESCRIPTION"/>
							</Record>
						</PropertyValue>
						<PropertyValue xmlns="http://docs.oasis-open.org/odata/ns/edm" Property="Title">
							<Record xmlns="http://docs.oasis-open.org/odata/ns/edm" Type="UI.DataField">
								<PropertyValue xmlns="http://docs.oasis-open.org/odata/ns/edm" Property="Value" Path="recipeID"/>
							</Record>
						</PropertyValue>
					</Record>
				</Annotation>
				<Annotation xmlns="http://docs.oasis-open.org/odata/ns/edm" Term="UI.LineItem">
					<Collection xmlns="http://docs.oasis-open.org/odata/ns/edm">
						<Record xmlns="http://docs.oasis-open.org/odata/ns/edm" Type="UI.DataField">
							<PropertyValue xmlns="http://docs.oasis-open.org/odata/ns/edm" Property="Value" Path="recipeID"/>
							<PropertyValue xmlns="http://docs.oasis-open.org/odata/ns/edm" Property="Label" String="Description"/>
						</Record>
						<Record xmlns="http://docs.oasis-open.org/odata/ns/edm" Type="UI.DataField">
							<PropertyValue xmlns="http://docs.oasis-open.org/odata/ns/edm" Property="Value" Path="recipeTYPE"/>
						</Record>
						<Record xmlns="http://docs.oasis-open.org/odata/ns/edm" Type="UI.DataField">
							<PropertyValue xmlns="http://docs.oasis-open.org/odata/ns/edm" Property="Value" Path="VALID_FROM"/>
						</Record>
						<Record xmlns="http://docs.oasis-open.org/odata/ns/edm" Type="UI.DataField">
							<PropertyValue xmlns="http://docs.oasis-open.org/odata/ns/edm" Property="Value" Path="VALID_TO"/>
						</Record>
					</Collection>
				</Annotation>
				<Annotation xmlns="http://docs.oasis-open.org/odata/ns/edm" Term="UI.SelectionFields">
					<Collection xmlns="http://docs.oasis-open.org/odata/ns/edm">
						<PropertyPath xmlns="http://docs.oasis-open.org/odata/ns/edm">recipeID</PropertyPath>
						<PropertyPath xmlns="http://docs.oasis-open.org/odata/ns/edm">recipeDESCRIPTION</PropertyPath>
						<PropertyPath xmlns="http://docs.oasis-open.org/odata/ns/edm">recipeTYPE</PropertyPath>
						<PropertyPath xmlns="http://docs.oasis-open.org/odata/ns/edm">VALID_FROM</PropertyPath>
						<PropertyPath xmlns="http://docs.oasis-open.org/odata/ns/edm">VALID_TO</PropertyPath>
					</Collection>
				</Annotation>
			</Annotations>
			<Annotations xmlns="http://docs.oasis-open.org/odata/ns/edm" Target="RecipeService.EntityContainer/Recipe">
				<Annotation xmlns="http://docs.oasis-open.org/odata/ns/edm" Term="Capabilities.SearchRestrictions">
					<Record xmlns="http://docs.oasis-open.org/odata/ns/edm" Type="Capabilities.SearchRestrictionsType">
						<PropertyValue xmlns="http://docs.oasis-open.org/odata/ns/edm" Property="Searchable" Bool="true"/>
					</Record>
				</Annotation>
				<Annotation xmlns="http://docs.oasis-open.org/odata/ns/edm" Term="Common.DraftRoot">
					<Record xmlns="http://docs.oasis-open.org/odata/ns/edm" Type="Common.DraftRootType">
						<PropertyValue xmlns="http://docs.oasis-open.org/odata/ns/edm" Property="ActivationAction"
							String="RecipeService.EntityContainer/Recipe_draftActivate"/>
						<PropertyValue xmlns="http://docs.oasis-open.org/odata/ns/edm" Property="EditAction" String="RecipeService.EntityContainer/Recipe_draftEdit"/>
						<PropertyValue xmlns="http://docs.oasis-open.org/odata/ns/edm" Property="PreparationAction"
							String="RecipeService.EntityContainer/Recipe_draftPrepare"/>
					</Record>
				</Annotation>
			</Annotations>
			<Annotations xmlns="http://docs.oasis-open.org/odata/ns/edm" Target="RecipeService.Recipe/createdAt">
				<Annotation xmlns="http://docs.oasis-open.org/odata/ns/edm" Term="Common.Label" String="Created On"/>
				<Annotation xmlns="http://docs.oasis-open.org/odata/ns/edm" Term="Core.Computed" Bool="true"/>
				<Annotation xmlns="http://docs.oasis-open.org/odata/ns/edm" Term="Core.Immutable" Bool="true"/>
				<Annotation xmlns="http://docs.oasis-open.org/odata/ns/edm" Term="UI.HiddenFilter" Bool="true"/>
			</Annotations>
			<Annotations xmlns="http://docs.oasis-open.org/odata/ns/edm" Target="RecipeService.Recipe/createdBy">
				<Annotation xmlns="http://docs.oasis-open.org/odata/ns/edm" Term="Common.Label" String="Created By"/>
				<Annotation xmlns="http://docs.oasis-open.org/odata/ns/edm" Term="Core.Computed" Bool="true"/>
				<Annotation xmlns="http://docs.oasis-open.org/odata/ns/edm" Term="Core.Description" String="A user's unique ID"/>
				<Annotation xmlns="http://docs.oasis-open.org/odata/ns/edm" Term="Core.Immutable" Bool="true"/>
				<Annotation xmlns="http://docs.oasis-open.org/odata/ns/edm" Term="UI.HiddenFilter" Bool="true"/>
			</Annotations>
			<Annotations xmlns="http://docs.oasis-open.org/odata/ns/edm" Target="RecipeService.Recipe/modifiedAt">
				<Annotation xmlns="http://docs.oasis-open.org/odata/ns/edm" Term="Common.Label" String="Changed On"/>
				<Annotation xmlns="http://docs.oasis-open.org/odata/ns/edm" Term="Core.Computed" Bool="true"/>
				<Annotation xmlns="http://docs.oasis-open.org/odata/ns/edm" Term="UI.HiddenFilter" Bool="true"/>
			</Annotations>
			<Annotations xmlns="http://docs.oasis-open.org/odata/ns/edm" Target="RecipeService.Recipe/modifiedBy">
				<Annotation xmlns="http://docs.oasis-open.org/odata/ns/edm" Term="Common.Label" String="Changed By"/>
				<Annotation xmlns="http://docs.oasis-open.org/odata/ns/edm" Term="Core.Computed" Bool="true"/>
				<Annotation xmlns="http://docs.oasis-open.org/odata/ns/edm" Term="Core.Description" String="A user's unique ID"/>
				<Annotation xmlns="http://docs.oasis-open.org/odata/ns/edm" Term="UI.HiddenFilter" Bool="true"/>
			</Annotations>
			<Annotations xmlns="http://docs.oasis-open.org/odata/ns/edm" Target="RecipeService.Recipe/recipeID">
				<Annotation xmlns="http://docs.oasis-open.org/odata/ns/edm" Term="Common.FieldControl" EnumMember="Common.FieldControlType/Mandatory"/>
				<Annotation xmlns="http://docs.oasis-open.org/odata/ns/edm" Term="Common.Label" String="Recipe ID"/>
				<Annotation xmlns="http://docs.oasis-open.org/odata/ns/edm" Term="Common.Text" Path="recipeDESCRIPTION"/>
			</Annotations>
			<Annotations xmlns="http://docs.oasis-open.org/odata/ns/edm" Target="RecipeService.Recipe/recipeNAME">
				<Annotation xmlns="http://docs.oasis-open.org/odata/ns/edm" Term="UI.Hidden" Bool="true"/>
			</Annotations>
			<Annotations xmlns="http://docs.oasis-open.org/odata/ns/edm" Target="RecipeService.Recipe/recipeDESCRIPTION">
				<Annotation xmlns="http://docs.oasis-open.org/odata/ns/edm" Term="Common.Label" String="Description"/>
				<Annotation xmlns="http://docs.oasis-open.org/odata/ns/edm" Term="Common.Text" Path="recipeID"/>
			</Annotations>
			<Annotations xmlns="http://docs.oasis-open.org/odata/ns/edm" Target="RecipeService.Recipe/recipeSTATUS">
				<Annotation xmlns="http://docs.oasis-open.org/odata/ns/edm" Term="Common.Label" String="Status"/>
			</Annotations>
			<Annotations xmlns="http://docs.oasis-open.org/odata/ns/edm" Target="RecipeService.Recipe/recipeTYPE">
				<Annotation xmlns="http://docs.oasis-open.org/odata/ns/edm" Term="Common.Label" String="Type"/>
				<Annotation xmlns="http://docs.oasis-open.org/odata/ns/edm" Term="Common.ValueList">
					<Record xmlns="http://docs.oasis-open.org/odata/ns/edm" Type="Common.ValueListType">
						<PropertyValue xmlns="http://docs.oasis-open.org/odata/ns/edm" Property="CollectionPath" String="RecipeType"/>
						<PropertyValue xmlns="http://docs.oasis-open.org/odata/ns/edm" Property="Label" String="Type"/>
						<PropertyValue xmlns="http://docs.oasis-open.org/odata/ns/edm" Property="Parameters">
							<Collection xmlns="http://docs.oasis-open.org/odata/ns/edm">
								<Record xmlns="http://docs.oasis-open.org/odata/ns/edm" Type="Common.ValueListParameterOut">
									<PropertyValue xmlns="http://docs.oasis-open.org/odata/ns/edm" Property="LocalDataProperty" PropertyPath="recipeTYPE"/>
									<PropertyValue xmlns="http://docs.oasis-open.org/odata/ns/edm" Property="ValueListProperty" String="description"/>
								</Record>
							</Collection>
						</PropertyValue>
						<PropertyValue xmlns="http://docs.oasis-open.org/odata/ns/edm" Property="SearchSupported" Bool="false"/>
					</Record>
				</Annotation>
				<Annotation xmlns="http://docs.oasis-open.org/odata/ns/edm" Term="Common.ValueListWithFixedValues" Bool="true"/>
			</Annotations>
			<Annotations xmlns="http://docs.oasis-open.org/odata/ns/edm" Target="RecipeService.Recipe/VALID_TO">
				<Annotation xmlns="http://docs.oasis-open.org/odata/ns/edm" Term="Common.Label" String="Valid To"/>
			</Annotations>
			<Annotations xmlns="http://docs.oasis-open.org/odata/ns/edm" Target="RecipeService.Recipe/VALID_FROM">
				<Annotation xmlns="http://docs.oasis-open.org/odata/ns/edm" Term="Common.Label" String="Valid From"/>
			</Annotations>
			<Annotations xmlns="http://docs.oasis-open.org/odata/ns/edm" Target="RecipeService.Recipe/evaluationID">
				<Annotation xmlns="http://docs.oasis-open.org/odata/ns/edm" Term="Common.Label" String="Evaluation Sheet ID"/>
			</Annotations>
			<Annotations xmlns="http://docs.oasis-open.org/odata/ns/edm" Target="RecipeService.Recipe/evaluationName">
				<Annotation xmlns="http://docs.oasis-open.org/odata/ns/edm" Term="Common.Label" String="Evaluation Sheet Name"/>
			</Annotations>
			<Annotations xmlns="http://docs.oasis-open.org/odata/ns/edm" Target="RecipeService.Recipe/nextRecipeStatus">
				<Annotation xmlns="http://docs.oasis-open.org/odata/ns/edm" Term="Common.Label" String="Next Recipe Status"/>
				<Annotation xmlns="http://docs.oasis-open.org/odata/ns/edm" Term="UI.Hidden" Bool="true"/>
			</Annotations>
			<Annotations xmlns="http://docs.oasis-open.org/odata/ns/edm" Target="RecipeService.Recipe/criticality">
				<Annotation xmlns="http://docs.oasis-open.org/odata/ns/edm" Term="UI.Hidden" Bool="true"/>
			</Annotations>
			<Annotations xmlns="http://docs.oasis-open.org/odata/ns/edm" Target="RecipeService.Recipe/UseLimitsOfevaluationSheet">
				<Annotation xmlns="http://docs.oasis-open.org/odata/ns/edm" Term="Common.Label" String="Assigned to Evaluation Sheet"/>
				<Annotation xmlns="http://docs.oasis-open.org/odata/ns/edm" Term="Common.readonly" Bool="true"/>
				<Annotation xmlns="http://docs.oasis-open.org/odata/ns/edm" Term="Core.Computed" Bool="true"/>
			</Annotations>
			<Annotations xmlns="http://docs.oasis-open.org/odata/ns/edm" Target="RecipeService.Recipe/IsActiveEntity">
				<Annotation xmlns="http://docs.oasis-open.org/odata/ns/edm" Term="UI.Hidden" Bool="true"/>
			</Annotations>
			<Annotations xmlns="http://docs.oasis-open.org/odata/ns/edm" Target="RecipeService.Recipe/HasActiveEntity">
				<Annotation xmlns="http://docs.oasis-open.org/odata/ns/edm" Term="UI.Hidden" Bool="true"/>
			</Annotations>
			<Annotations xmlns="http://docs.oasis-open.org/odata/ns/edm" Target="RecipeService.Recipe/HasDraftEntity">
				<Annotation xmlns="http://docs.oasis-open.org/odata/ns/edm" Term="UI.Hidden" Bool="true"/>
			</Annotations>
			<Annotations xmlns="http://docs.oasis-open.org/odata/ns/edm" Target="RecipeService.Recipe/DraftAdministrativeData">
				<Annotation xmlns="http://docs.oasis-open.org/odata/ns/edm" Term="UI.Hidden" Bool="true"/>
			</Annotations>
			<Annotations xmlns="http://docs.oasis-open.org/odata/ns/edm" Target="RecipeService.Recipe/DraftAdministrativeData_DraftUUID">
				<Annotation xmlns="http://docs.oasis-open.org/odata/ns/edm" Term="UI.Hidden" Bool="true"/>
			</Annotations>
			<Annotations xmlns="http://docs.oasis-open.org/odata/ns/edm" Target="RecipeService.EntityContainer/RecipeSpecification">
				<Annotation xmlns="http://docs.oasis-open.org/odata/ns/edm" Term="Common.DraftNode">
					<Record xmlns="http://docs.oasis-open.org/odata/ns/edm" Type="Common.DraftNodeType">
						<PropertyValue xmlns="http://docs.oasis-open.org/odata/ns/edm" Property="PreparationAction"
							String="RecipeService.EntityContainer/RecipeSpecification_draftPrepare"/>
					</Record>
				</Annotation>
			</Annotations>
			<Annotations xmlns="http://docs.oasis-open.org/odata/ns/edm" Target="RecipeService.RecipeSpecification/ID">
				<Annotation xmlns="http://docs.oasis-open.org/odata/ns/edm" Term="Common.FieldControl" EnumMember="Common.FieldControlType/Hidden"/>
			</Annotations>
			<Annotations xmlns="http://docs.oasis-open.org/odata/ns/edm" Target="RecipeService.RecipeSpecification/IsActiveEntity">
				<Annotation xmlns="http://docs.oasis-open.org/odata/ns/edm" Term="UI.Hidden" Bool="true"/>
			</Annotations>
			<Annotations xmlns="http://docs.oasis-open.org/odata/ns/edm" Target="RecipeService.RecipeSpecification/HasActiveEntity">
				<Annotation xmlns="http://docs.oasis-open.org/odata/ns/edm" Term="UI.Hidden" Bool="true"/>
			</Annotations>
			<Annotations xmlns="http://docs.oasis-open.org/odata/ns/edm" Target="RecipeService.RecipeSpecification/HasDraftEntity">
				<Annotation xmlns="http://docs.oasis-open.org/odata/ns/edm" Term="UI.Hidden" Bool="true"/>
			</Annotations>
			<Annotations xmlns="http://docs.oasis-open.org/odata/ns/edm" Target="RecipeService.RecipeSpecification/DraftAdministrativeData">
				<Annotation xmlns="http://docs.oasis-open.org/odata/ns/edm" Term="UI.Hidden" Bool="true"/>
			</Annotations>
			<Annotations xmlns="http://docs.oasis-open.org/odata/ns/edm" Target="RecipeService.RecipeSpecification/DraftAdministrativeData_DraftUUID">
				<Annotation xmlns="http://docs.oasis-open.org/odata/ns/edm" Term="UI.Hidden" Bool="true"/>
			</Annotations>
			<Annotations xmlns="http://docs.oasis-open.org/odata/ns/edm" Target="RecipeService.RecipeStatus/ID">
				<Annotation xmlns="http://docs.oasis-open.org/odata/ns/edm" Term="Common.FieldControl" EnumMember="Common.FieldControlType/Hidden"/>
			</Annotations>
			<Annotations xmlns="http://docs.oasis-open.org/odata/ns/edm" Target="RecipeService.RecipeStatus/STATUS">
				<Annotation xmlns="http://docs.oasis-open.org/odata/ns/edm" Term="Common.Label" String="Status ID"/>
			</Annotations>
			<Annotations xmlns="http://docs.oasis-open.org/odata/ns/edm" Target="RecipeService.RecipeStatus/nextStatus">
				<Annotation xmlns="http://docs.oasis-open.org/odata/ns/edm" Term="Common.Label" String="Next Recipe Status"/>
			</Annotations>
			<Annotations xmlns="http://docs.oasis-open.org/odata/ns/edm" Target="RecipeService.Specification/specificationID">
				<Annotation xmlns="http://docs.oasis-open.org/odata/ns/edm" Term="Common.FieldControl" EnumMember="Common.FieldControlType/Hidden"/>
			</Annotations>
			<Annotations xmlns="http://docs.oasis-open.org/odata/ns/edm" Target="RecipeService.UOM/Id">
				<Annotation xmlns="http://docs.oasis-open.org/odata/ns/edm" Term="Common.FieldControl" EnumMember="Common.FieldControlType/Hidden"/>
			</Annotations>
		</Schema>
	</edmx:DataServices>
</edmx:Edmx>