<?xml version="1.0" encoding="utf-8"?>
<edmx:Edmx Version="1.0" xmlns:edmx="http://schemas.microsoft.com/ado/2007/06/edmx" xmlns:m="http://schemas.microsoft.com/ado/2007/08/dataservices/metadata" xmlns:sap="http://www.sap.com/Protocols/SAPData">
  <edmx:Reference Uri="https://oasis-tcs.github.io/odata-vocabularies/vocabularies/Org.OData.Capabilities.V1.xml" xmlns:edmx="http://docs.oasis-open.org/odata/ns/edmx">
    <edmx:Include Alias="Capabilities" Namespace="Org.OData.Capabilities.V1"/>
  </edmx:Reference>
  <edmx:Reference Uri="https://sap.github.io/odata-vocabularies/vocabularies/Common.xml" xmlns:edmx="http://docs.oasis-open.org/odata/ns/edmx">
    <edmx:Include Alias="Common" Namespace="com.sap.vocabularies.Common.v1"/>
  </edmx:Reference>
  <edmx:Reference Uri="https://oasis-tcs.github.io/odata-vocabularies/vocabularies/Org.OData.Core.V1.xml" xmlns:edmx="http://docs.oasis-open.org/odata/ns/edmx">
    <edmx:Include Alias="Core" Namespace="Org.OData.Core.V1"/>
  </edmx:Reference>
  <edmx:Reference Uri="https://sap.github.io/odata-vocabularies/vocabularies/UI.xml" xmlns:edmx="http://docs.oasis-open.org/odata/ns/edmx">
    <edmx:Include Alias="UI" Namespace="com.sap.vocabularies.UI.v1"/>
  </edmx:Reference>
  <edmx:DataServices m:DataServiceVersion="2.0">
    <Schema Namespace="ComplianceEvaluatorService" xmlns="http://schemas.microsoft.com/ado/2008/09/edm">
      <EntityContainer Name="EntityContainer" m:IsDefaultEntityContainer="true">
        <EntitySet Name="Country" EntityType="ComplianceEvaluatorService.Country"/>
        <EntitySet Name="DraftAdministrativeData" EntityType="ComplianceEvaluatorService.DraftAdministrativeData"/>
        <EntitySet Name="Evaluation" EntityType="ComplianceEvaluatorService.Evaluation"/>
        <FunctionImport Name="Evaluation_draftPrepare" EntitySet="Evaluation" ReturnType="ComplianceEvaluatorService.Evaluation" m:HttpMethod="POST" sap:action-for="ComplianceEvaluatorService.Evaluation">
          <Parameter Name="evaluationID" Type="Edm.Guid" Nullable="false" Mode="In" sap:quickinfo="Evaluation ID"/>
          <Parameter Name="IsActiveEntity" Type="Edm.Boolean" Nullable="false" Mode="In"/>
          <Parameter Name="SideEffectsQualifier" Type="Edm.String" Mode="In" Nullable="true"/>
        </FunctionImport>
        <FunctionImport Name="Evaluation_draftActivate" EntitySet="Evaluation" ReturnType="ComplianceEvaluatorService.Evaluation" m:HttpMethod="POST" sap:action-for="ComplianceEvaluatorService.Evaluation">
          <Parameter Name="evaluationID" Type="Edm.Guid" Nullable="false" Mode="In" sap:quickinfo="Evaluation ID"/>
          <Parameter Name="IsActiveEntity" Type="Edm.Boolean" Nullable="false" Mode="In"/>
        </FunctionImport>
        <FunctionImport Name="Evaluation_draftEdit" EntitySet="Evaluation" ReturnType="ComplianceEvaluatorService.Evaluation" m:HttpMethod="POST" sap:action-for="ComplianceEvaluatorService.Evaluation">
          <Parameter Name="evaluationID" Type="Edm.Guid" Nullable="false" Mode="In" sap:quickinfo="Evaluation ID"/>
          <Parameter Name="IsActiveEntity" Type="Edm.Boolean" Nullable="false" Mode="In"/>
          <Parameter Name="PreserveChanges" Type="Edm.Boolean" Mode="In" Nullable="true"/>
        </FunctionImport>
        <EntitySet Name="EvaluationSellingMarket" EntityType="ComplianceEvaluatorService.EvaluationSellingMarket"/>
        <FunctionImport Name="EvaluationSellingMarket_draftPrepare" EntitySet="EvaluationSellingMarket" ReturnType="ComplianceEvaluatorService.EvaluationSellingMarket" m:HttpMethod="POST" sap:action-for="ComplianceEvaluatorService.EvaluationSellingMarket">
          <Parameter Name="ID" Type="Edm.Guid" Nullable="false" Mode="In"/>
          <Parameter Name="IsActiveEntity" Type="Edm.Boolean" Nullable="false" Mode="In"/>
          <Parameter Name="SideEffectsQualifier" Type="Edm.String" Mode="In" Nullable="true"/>
        </FunctionImport>
        <EntitySet Name="EvaluationStatus" EntityType="ComplianceEvaluatorService.EvaluationStatus"/>
        <EntitySet Name="MasterPurpose" EntityType="ComplianceEvaluatorService.MasterPurpose"/>
        <EntitySet Name="MasterRecipe" EntityType="ComplianceEvaluatorService.MasterRecipe"/>
        <EntitySet Name="Purpose" EntityType="ComplianceEvaluatorService.Purpose"/>
        <FunctionImport Name="Purpose_draftPrepare" EntitySet="Purpose" ReturnType="ComplianceEvaluatorService.Purpose" m:HttpMethod="POST" sap:action-for="ComplianceEvaluatorService.Purpose">
          <Parameter Name="ID" Type="Edm.Guid" Nullable="false" Mode="In" sap:updatable="false"/>
          <Parameter Name="IsActiveEntity" Type="Edm.Boolean" Nullable="false" Mode="In"/>
          <Parameter Name="SideEffectsQualifier" Type="Edm.String" Mode="In" Nullable="true"/>
        </FunctionImport>
        <EntitySet Name="Recipe" EntityType="ComplianceEvaluatorService.Recipe"/>
        <FunctionImport Name="Recipe_draftPrepare" EntitySet="Recipe" ReturnType="ComplianceEvaluatorService.Recipe" m:HttpMethod="POST" sap:action-for="ComplianceEvaluatorService.Recipe">
          <Parameter Name="ID" Type="Edm.Guid" Nullable="false" Mode="In"/>
          <Parameter Name="IsActiveEntity" Type="Edm.Boolean" Nullable="false" Mode="In"/>
          <Parameter Name="SideEffectsQualifier" Type="Edm.String" Mode="In" Nullable="true"/>
        </FunctionImport>
        <FunctionImport Name="addPurpose" ReturnType="Edm.String" m:HttpMethod="GET">
          <Parameter Name="evaluationID" Type="Edm.String" Mode="In" Nullable="true"/>
          <Parameter Name="purposeId" Type="Edm.String" Mode="In" Nullable="true"/>
          <Parameter Name="purpose" Type="Edm.String" Mode="In" Nullable="true"/>
          <Parameter Name="purposeType" Type="Edm.String" Mode="In" Nullable="true"/>
          <Parameter Name="requirement" Type="Edm.String" Mode="In" Nullable="true"/>
          <Parameter Name="requirementID" Type="Edm.String" Mode="In" Nullable="true"/>
          <Parameter Name="addedBy" Type="Edm.String" Mode="In" Nullable="true"/>
        </FunctionImport>
        <FunctionImport Name="addRecipe" ReturnType="Edm.String" m:HttpMethod="GET">
          <Parameter Name="evaluationID" Type="Edm.String" Mode="In" Nullable="true"/>
          <Parameter Name="recipeId" Type="Edm.String" Mode="In" Nullable="true"/>
          <Parameter Name="recipeDescription" Type="Edm.String" Mode="In" Nullable="true"/>
          <Parameter Name="recipeType" Type="Edm.String" Mode="In" Nullable="true"/>
          <Parameter Name="recipeStatus" Type="Edm.String" Mode="In" Nullable="true"/>
        </FunctionImport>
        <FunctionImport Name="copyRecipe" ReturnType="Edm.String" m:HttpMethod="GET">
          <Parameter Name="evaluationID" Type="Edm.String" Mode="In" Nullable="true"/>
          <Parameter Name="recipeId" Type="Edm.String" Mode="In" Nullable="true"/>
          <Parameter Name="recipeDescription" Type="Edm.String" Mode="In" Nullable="true"/>
          <Parameter Name="recipeType" Type="Edm.String" Mode="In" Nullable="true"/>
          <Parameter Name="recipeStatus" Type="Edm.String" Mode="In" Nullable="true"/>
        </FunctionImport>
        <FunctionImport Name="evaluationStatusSave" ReturnType="Edm.Boolean" m:HttpMethod="GET">
          <Parameter Name="EVALUATION_ID" Type="Edm.String" Mode="In" Nullable="true"/>
          <Parameter Name="evalStatus" Type="Edm.String" Mode="In" Nullable="true"/>
        </FunctionImport>
        <FunctionImport Name="readRecipe" ReturnType="Edm.Boolean" m:HttpMethod="GET">
          <Parameter Name="RecipeUUID" Type="Edm.String" Mode="In" Nullable="true"/>
        </FunctionImport>
        <FunctionImport Name="updateSellignMarket" ReturnType="Edm.Boolean" m:HttpMethod="GET">
          <Parameter Name="EVALUATION_ID" Type="Edm.String" Mode="In" Nullable="true"/>
          <Parameter Name="sellingMarket" Type="Edm.String" Mode="In" Nullable="true"/>
        </FunctionImport>
        <AssociationSet Name="Evaluation_DraftAdministrativeData" Association="ComplianceEvaluatorService.Evaluation_DraftAdministrativeData">
          <End Role="Evaluation" EntitySet="Evaluation"/>
          <End Role="DraftAdministrativeData" EntitySet="DraftAdministrativeData"/>
        </AssociationSet>
        <AssociationSet Name="Evaluation_SiblingEntity" Association="ComplianceEvaluatorService.Evaluation_SiblingEntity">
          <End Role="Evaluation" EntitySet="Evaluation"/>
          <End Role="Evaluation1" EntitySet="Evaluation"/>
        </AssociationSet>
        <AssociationSet Name="EvaluationSellingMarket_EVALUATIONMARKET" Association="ComplianceEvaluatorService.EvaluationSellingMarket_EVALUATIONMARKET">
          <End Role="EvaluationSellingMarket" EntitySet="EvaluationSellingMarket"/>
          <End Role="Evaluation" EntitySet="Evaluation"/>
        </AssociationSet>
        <AssociationSet Name="EvaluationSellingMarket_DraftAdministrativeData" Association="ComplianceEvaluatorService.EvaluationSellingMarket_DraftAdministrativeData">
          <End Role="EvaluationSellingMarket" EntitySet="EvaluationSellingMarket"/>
          <End Role="DraftAdministrativeData" EntitySet="DraftAdministrativeData"/>
        </AssociationSet>
        <AssociationSet Name="EvaluationSellingMarket_SiblingEntity" Association="ComplianceEvaluatorService.EvaluationSellingMarket_SiblingEntity">
          <End Role="EvaluationSellingMarket" EntitySet="EvaluationSellingMarket"/>
          <End Role="EvaluationSellingMarket1" EntitySet="EvaluationSellingMarket"/>
        </AssociationSet>
        <AssociationSet Name="Purpose_evaluationPurpose" Association="ComplianceEvaluatorService.Purpose_evaluationPurpose">
          <End Role="Purpose" EntitySet="Purpose"/>
          <End Role="Evaluation" EntitySet="Evaluation"/>
        </AssociationSet>
        <AssociationSet Name="Purpose_DraftAdministrativeData" Association="ComplianceEvaluatorService.Purpose_DraftAdministrativeData">
          <End Role="Purpose" EntitySet="Purpose"/>
          <End Role="DraftAdministrativeData" EntitySet="DraftAdministrativeData"/>
        </AssociationSet>
        <AssociationSet Name="Purpose_SiblingEntity" Association="ComplianceEvaluatorService.Purpose_SiblingEntity">
          <End Role="Purpose" EntitySet="Purpose"/>
          <End Role="Purpose1" EntitySet="Purpose"/>
        </AssociationSet>
        <AssociationSet Name="Recipe_evaluationRecipe" Association="ComplianceEvaluatorService.Recipe_evaluationRecipe">
          <End Role="Recipe" EntitySet="Recipe"/>
          <End Role="Evaluation" EntitySet="Evaluation"/>
        </AssociationSet>
        <AssociationSet Name="Recipe_DraftAdministrativeData" Association="ComplianceEvaluatorService.Recipe_DraftAdministrativeData">
          <End Role="Recipe" EntitySet="Recipe"/>
          <End Role="DraftAdministrativeData" EntitySet="DraftAdministrativeData"/>
        </AssociationSet>
        <AssociationSet Name="Recipe_SiblingEntity" Association="ComplianceEvaluatorService.Recipe_SiblingEntity">
          <End Role="Recipe" EntitySet="Recipe"/>
          <End Role="Recipe1" EntitySet="Recipe"/>
        </AssociationSet>
      </EntityContainer>
      <EntityType Name="Country">
        <Key>
          <PropertyRef Name="ID"/>
        </Key>
        <Property Name="ID" Type="Edm.Int32" Nullable="false"/>
        <Property Name="countryName" Type="Edm.String"/>
      </EntityType>
      <EntityType Name="DraftAdministrativeData">
        <Key>
          <PropertyRef Name="DraftUUID"/>
        </Key>
        <Property Name="DraftUUID" Type="Edm.Guid" Nullable="false"/>
        <Property Name="CreationDateTime" Type="Edm.DateTimeOffset" Precision="7"/>
        <Property Name="CreatedByUser" Type="Edm.String" MaxLength="256"/>
        <Property Name="DraftIsCreatedByMe" Type="Edm.Boolean"/>
        <Property Name="LastChangeDateTime" Type="Edm.DateTimeOffset" Precision="7"/>
        <Property Name="LastChangedByUser" Type="Edm.String" MaxLength="256"/>
        <Property Name="InProcessByUser" Type="Edm.String" MaxLength="256"/>
        <Property Name="DraftIsProcessedByMe" Type="Edm.Boolean"/>
      </EntityType>
      <EntityType Name="Evaluation">
        <Key>
          <PropertyRef Name="evaluationID"/>
          <PropertyRef Name="IsActiveEntity"/>
        </Key>
        <Property Name="createdAt" Type="Edm.DateTimeOffset" Precision="7"/>
        <Property Name="createdBy" Type="Edm.String" MaxLength="255"/>
        <Property Name="modifiedAt" Type="Edm.DateTimeOffset" Precision="7"/>
        <Property Name="modifiedBy" Type="Edm.String" MaxLength="255"/>
        <Property Name="evaluationID" Type="Edm.Guid" Nullable="false" sap:quickinfo="Evaluation ID"/>
        <Property Name="evaluationName" Type="Edm.String"/>
        <Property Name="brief" Type="Edm.String"/>
        <Property Name="sellingMarket" Type="Edm.String"/>
        <Property Name="validFrom" Type="Edm.DateTime" sap:filter-restriction="interval" sap:display-format="Date"/>
        <Property Name="validTo" Type="Edm.DateTime" sap:filter-restriction="interval" sap:display-format="Date"/>
        <Property Name="recipeCount" Type="Edm.Int32"/>
        <Property Name="evalStatus" Type="Edm.String"/>
        <Property Name="compliantRecipeCount" Type="Edm.Int32"/>
        <Property Name="recipeCriticalityIndicator" Type="Edm.Int32"/>
        <Property Name="nextEvalStatus" Type="Edm.String"/>
        <Property Name="criticality" Type="Edm.Int32"/>
        <NavigationProperty Name="recipe" Relationship="ComplianceEvaluatorService.Recipe_evaluationRecipe" FromRole="Evaluation" ToRole="Recipe"/>
        <NavigationProperty Name="market" Relationship="ComplianceEvaluatorService.EvaluationSellingMarket_EVALUATIONMARKET" FromRole="Evaluation" ToRole="EvaluationSellingMarket"/>
        <NavigationProperty Name="purpose" Relationship="ComplianceEvaluatorService.Purpose_evaluationPurpose" FromRole="Evaluation" ToRole="Purpose"/>
        <Property Name="IsActiveEntity" Type="Edm.Boolean" Nullable="false"/>
        <Property Name="HasActiveEntity" Type="Edm.Boolean" Nullable="false"/>
        <Property Name="HasDraftEntity" Type="Edm.Boolean" Nullable="false"/>
        <NavigationProperty Name="DraftAdministrativeData" Relationship="ComplianceEvaluatorService.Evaluation_DraftAdministrativeData" FromRole="Evaluation" ToRole="DraftAdministrativeData"/>
        <Property Name="DraftAdministrativeData_DraftUUID" Type="Edm.Guid"/>
        <NavigationProperty Name="SiblingEntity" Relationship="ComplianceEvaluatorService.Evaluation_SiblingEntity" FromRole="Evaluation" ToRole="Evaluation1"/>
      </EntityType>
      <EntityType Name="EvaluationSellingMarket">
        <Key>
          <PropertyRef Name="ID"/>
          <PropertyRef Name="IsActiveEntity"/>
        </Key>
        <Property Name="ID" Type="Edm.Guid" Nullable="false"/>
        <Property Name="evaluationID" Type="Edm.Guid"/>
        <Property Name="sellingMarketID" Type="Edm.String"/>
        <Property Name="sellingMarket" Type="Edm.String"/>
        <NavigationProperty Name="EVALUATIONMARKET" Relationship="ComplianceEvaluatorService.EvaluationSellingMarket_EVALUATIONMARKET" FromRole="EvaluationSellingMarket" ToRole="Evaluation"/>
        <Property Name="IsActiveEntity" Type="Edm.Boolean" Nullable="false"/>
        <Property Name="HasActiveEntity" Type="Edm.Boolean" Nullable="false"/>
        <Property Name="HasDraftEntity" Type="Edm.Boolean" Nullable="false"/>
        <NavigationProperty Name="DraftAdministrativeData" Relationship="ComplianceEvaluatorService.EvaluationSellingMarket_DraftAdministrativeData" FromRole="EvaluationSellingMarket" ToRole="DraftAdministrativeData"/>
        <Property Name="DraftAdministrativeData_DraftUUID" Type="Edm.Guid"/>
        <NavigationProperty Name="SiblingEntity" Relationship="ComplianceEvaluatorService.EvaluationSellingMarket_SiblingEntity" FromRole="EvaluationSellingMarket" ToRole="EvaluationSellingMarket1"/>
      </EntityType>
      <EntityType Name="EvaluationStatus">
        <Key>
          <PropertyRef Name="ID"/>
        </Key>
        <Property Name="ID" Type="Edm.Int32" Nullable="false"/>
        <Property Name="status" Type="Edm.String"/>
        <Property Name="nextStatus" Type="Edm.String"/>
      </EntityType>
      <EntityType Name="MasterPurpose">
        <Key>
          <PropertyRef Name="ID"/>
        </Key>
        <Property Name="ID" Type="Edm.Guid" Nullable="false"/>
        <Property Name="purpose" Type="Edm.String"/>
        <Property Name="noOfRequirements" Type="Edm.Int32"/>
        <Property Name="activationStatus" Type="Edm.String"/>
        <Property Name="createdBy" Type="Edm.String"/>
        <Property Name="createdOn" Type="Edm.String"/>
      </EntityType>
      <EntityType Name="MasterRecipe">
        <Key>
          <PropertyRef Name="recipeUUID"/>
        </Key>
        <Property Name="recipeUUID" Type="Edm.Guid" Nullable="false"/>
        <Property Name="recipeDescription" Type="Edm.String"/>
        <Property Name="validityArea" Type="Edm.String"/>
        <Property Name="validityDate" Type="Edm.String"/>
        <Property Name="recipeType" Type="Edm.String"/>
        <Property Name="recipeTypeDesc" Type="Edm.String"/>
        <Property Name="recipeStatus" Type="Edm.String" sap:updatable="false"/>
        <Property Name="recipeStatusDesc" Type="Edm.String"/>
        <Property Name="createdBy" Type="Edm.String" sap:updatable="false"/>
        <Property Name="createdOn" Type="Edm.String" sap:updatable="false"/>
        <Property Name="changedBy" Type="Edm.String" sap:updatable="false"/>
        <Property Name="changedOn" Type="Edm.String" sap:updatable="false"/>
      </EntityType>
      <EntityType Name="Purpose">
        <Key>
          <PropertyRef Name="ID"/>
          <PropertyRef Name="IsActiveEntity"/>
        </Key>
        <Property Name="ID" Type="Edm.Guid" Nullable="false" sap:updatable="false"/>
        <Property Name="purposeId" Type="Edm.String" sap:updatable="false"/>
        <Property Name="evaluationID" Type="Edm.Guid" sap:updatable="false"/>
        <Property Name="purpose" Type="Edm.String" sap:updatable="false"/>
        <Property Name="requirement" Type="Edm.String" sap:updatable="false"/>
        <Property Name="requirementID" Type="Edm.String" sap:updatable="false"/>
        <Property Name="purposeType" Type="Edm.String" sap:updatable="false"/>
        <Property Name="addedOn" Type="Edm.DateTime" sap:updatable="false" sap:display-format="Date"/>
        <Property Name="addedBy" Type="Edm.String" sap:updatable="false"/>
        <Property Name="validityArea" Type="Edm.String" sap:updatable="false"/>
        <NavigationProperty Name="evaluationPurpose" Relationship="ComplianceEvaluatorService.Purpose_evaluationPurpose" FromRole="Purpose" ToRole="Evaluation"/>
        <Property Name="IsActiveEntity" Type="Edm.Boolean" Nullable="false"/>
        <Property Name="HasActiveEntity" Type="Edm.Boolean" Nullable="false"/>
        <Property Name="HasDraftEntity" Type="Edm.Boolean" Nullable="false"/>
        <NavigationProperty Name="DraftAdministrativeData" Relationship="ComplianceEvaluatorService.Purpose_DraftAdministrativeData" FromRole="Purpose" ToRole="DraftAdministrativeData"/>
        <Property Name="DraftAdministrativeData_DraftUUID" Type="Edm.Guid"/>
        <NavigationProperty Name="SiblingEntity" Relationship="ComplianceEvaluatorService.Purpose_SiblingEntity" FromRole="Purpose" ToRole="Purpose1"/>
      </EntityType>
      <EntityType Name="Recipe">
        <Key>
          <PropertyRef Name="ID"/>
          <PropertyRef Name="IsActiveEntity"/>
        </Key>
        <Property Name="ID" Type="Edm.Guid" Nullable="false"/>
        <Property Name="evaluationID" Type="Edm.Guid"/>
        <Property Name="recipeDescription" Type="Edm.String" sap:updatable="false"/>
        <Property Name="recipeType" Type="Edm.String" sap:updatable="false"/>
        <Property Name="compliantStatus" Type="Edm.String" sap:updatable="false"/>
        <Property Name="relevantEvaluation" Type="Edm.Boolean"/>
        <Property Name="recipeId" Type="Edm.String"/>
        <Property Name="copyRecipe" Type="Edm.String"/>
        <Property Name="recipeStatus" Type="Edm.String" sap:updatable="false"/>
        <Property Name="createdBy" Type="Edm.String" sap:updatable="false"/>
        <Property Name="createdOn" Type="Edm.String" sap:updatable="false"/>
        <Property Name="changedBy" Type="Edm.String" sap:updatable="false"/>
        <Property Name="changedOn" Type="Edm.String" sap:updatable="false"/>
        <NavigationProperty Name="evaluationRecipe" Relationship="ComplianceEvaluatorService.Recipe_evaluationRecipe" FromRole="Recipe" ToRole="Evaluation"/>
        <Property Name="IsActiveEntity" Type="Edm.Boolean" Nullable="false"/>
        <Property Name="HasActiveEntity" Type="Edm.Boolean" Nullable="false"/>
        <Property Name="HasDraftEntity" Type="Edm.Boolean" Nullable="false"/>
        <NavigationProperty Name="DraftAdministrativeData" Relationship="ComplianceEvaluatorService.Recipe_DraftAdministrativeData" FromRole="Recipe" ToRole="DraftAdministrativeData"/>
        <Property Name="DraftAdministrativeData_DraftUUID" Type="Edm.Guid"/>
        <NavigationProperty Name="SiblingEntity" Relationship="ComplianceEvaluatorService.Recipe_SiblingEntity" FromRole="Recipe" ToRole="Recipe1"/>
      </EntityType>
      <Association Name="Evaluation_DraftAdministrativeData">
        <End Role="Evaluation" Type="ComplianceEvaluatorService.Evaluation" Multiplicity="*"/>
        <End Role="DraftAdministrativeData" Type="ComplianceEvaluatorService.DraftAdministrativeData" Multiplicity="0..1"/>
        <ReferentialConstraint>
          <Principal Role="DraftAdministrativeData">
            <PropertyRef Name="DraftUUID"/>
          </Principal>
          <Dependent Role="Evaluation">
            <PropertyRef Name="DraftAdministrativeData_DraftUUID"/>
          </Dependent>
        </ReferentialConstraint>
      </Association>
      <Association Name="Evaluation_SiblingEntity">
        <End Role="Evaluation" Type="ComplianceEvaluatorService.Evaluation" Multiplicity="*"/>
        <End Role="Evaluation1" Type="ComplianceEvaluatorService.Evaluation" Multiplicity="0..1"/>
      </Association>
      <Association Name="EvaluationSellingMarket_EVALUATIONMARKET">
        <End Role="EvaluationSellingMarket" Type="ComplianceEvaluatorService.EvaluationSellingMarket" Multiplicity="*">
          <OnDelete Action="Cascade"/>
        </End>
        <End Role="Evaluation" Type="ComplianceEvaluatorService.Evaluation" Multiplicity="0..1"/>
        <ReferentialConstraint>
          <Principal Role="Evaluation">
            <PropertyRef Name="evaluationID"/>
          </Principal>
          <Dependent Role="EvaluationSellingMarket">
            <PropertyRef Name="evaluationID"/>
          </Dependent>
        </ReferentialConstraint>
      </Association>
      <Association Name="EvaluationSellingMarket_DraftAdministrativeData">
        <End Role="EvaluationSellingMarket" Type="ComplianceEvaluatorService.EvaluationSellingMarket" Multiplicity="*"/>
        <End Role="DraftAdministrativeData" Type="ComplianceEvaluatorService.DraftAdministrativeData" Multiplicity="0..1"/>
        <ReferentialConstraint>
          <Principal Role="DraftAdministrativeData">
            <PropertyRef Name="DraftUUID"/>
          </Principal>
          <Dependent Role="EvaluationSellingMarket">
            <PropertyRef Name="DraftAdministrativeData_DraftUUID"/>
          </Dependent>
        </ReferentialConstraint>
      </Association>
      <Association Name="EvaluationSellingMarket_SiblingEntity">
        <End Role="EvaluationSellingMarket" Type="ComplianceEvaluatorService.EvaluationSellingMarket" Multiplicity="*"/>
        <End Role="EvaluationSellingMarket1" Type="ComplianceEvaluatorService.EvaluationSellingMarket" Multiplicity="0..1"/>
      </Association>
      <Association Name="Purpose_evaluationPurpose">
        <End Role="Purpose" Type="ComplianceEvaluatorService.Purpose" Multiplicity="*">
          <OnDelete Action="Cascade"/>
        </End>
        <End Role="Evaluation" Type="ComplianceEvaluatorService.Evaluation" Multiplicity="0..1"/>
        <ReferentialConstraint>
          <Principal Role="Evaluation">
            <PropertyRef Name="evaluationID"/>
          </Principal>
          <Dependent Role="Purpose">
            <PropertyRef Name="evaluationID"/>
          </Dependent>
        </ReferentialConstraint>
      </Association>
      <Association Name="Purpose_DraftAdministrativeData">
        <End Role="Purpose" Type="ComplianceEvaluatorService.Purpose" Multiplicity="*"/>
        <End Role="DraftAdministrativeData" Type="ComplianceEvaluatorService.DraftAdministrativeData" Multiplicity="0..1"/>
        <ReferentialConstraint>
          <Principal Role="DraftAdministrativeData">
            <PropertyRef Name="DraftUUID"/>
          </Principal>
          <Dependent Role="Purpose">
            <PropertyRef Name="DraftAdministrativeData_DraftUUID"/>
          </Dependent>
        </ReferentialConstraint>
      </Association>
      <Association Name="Purpose_SiblingEntity">
        <End Role="Purpose" Type="ComplianceEvaluatorService.Purpose" Multiplicity="*"/>
        <End Role="Purpose1" Type="ComplianceEvaluatorService.Purpose" Multiplicity="0..1"/>
      </Association>
      <Association Name="Recipe_evaluationRecipe">
        <End Role="Recipe" Type="ComplianceEvaluatorService.Recipe" Multiplicity="*">
          <OnDelete Action="Cascade"/>
        </End>
        <End Role="Evaluation" Type="ComplianceEvaluatorService.Evaluation" Multiplicity="0..1"/>
        <ReferentialConstraint>
          <Principal Role="Evaluation">
            <PropertyRef Name="evaluationID"/>
          </Principal>
          <Dependent Role="Recipe">
            <PropertyRef Name="evaluationID"/>
          </Dependent>
        </ReferentialConstraint>
      </Association>
      <Association Name="Recipe_DraftAdministrativeData">
        <End Role="Recipe" Type="ComplianceEvaluatorService.Recipe" Multiplicity="*"/>
        <End Role="DraftAdministrativeData" Type="ComplianceEvaluatorService.DraftAdministrativeData" Multiplicity="0..1"/>
        <ReferentialConstraint>
          <Principal Role="DraftAdministrativeData">
            <PropertyRef Name="DraftUUID"/>
          </Principal>
          <Dependent Role="Recipe">
            <PropertyRef Name="DraftAdministrativeData_DraftUUID"/>
          </Dependent>
        </ReferentialConstraint>
      </Association>
      <Association Name="Recipe_SiblingEntity">
        <End Role="Recipe" Type="ComplianceEvaluatorService.Recipe" Multiplicity="*"/>
        <End Role="Recipe1" Type="ComplianceEvaluatorService.Recipe" Multiplicity="0..1"/>
      </Association>
      <Annotations Target="ComplianceEvaluatorService.Country/ID" xmlns="http://docs.oasis-open.org/odata/ns/edm">
        <Annotation Term="UI.Hidden" Bool="true"/>
      </Annotations>
      <Annotations Target="ComplianceEvaluatorService.Country/countryName" xmlns="http://docs.oasis-open.org/odata/ns/edm">
        <Annotation Term="Common.Label" String="Land"/>
      </Annotations>
      <Annotations Target="ComplianceEvaluatorService.Evaluation" xmlns="http://docs.oasis-open.org/odata/ns/edm">
        <Annotation Term="Common.Label" String="Evaluation "/>
        <Annotation Term="UI.Chart" Qualifier="recipee">
          <Record Type="UI.ChartDefinitionType">
            <PropertyValue Property="ChartType" EnumMember="UI.ChartType/Donut"/>
            <PropertyValue Property="Label" String="Overall Compliance"/>
            <PropertyValue Property="MeasureAttributes">
              <Collection>
                <Record Type="UI.ChartMeasureAttributeType">
                  <PropertyValue Property="DataPoint" AnnotationPath="@UI.DataPoint#recipeedata"/>
                </Record>
              </Collection>
            </PropertyValue>
            <PropertyValue Property="Measures">
              <Collection>
                <PropertyPath>compliantRecipeCount</PropertyPath>
              </Collection>
            </PropertyValue>
            <PropertyValue Property="Title" String="Overall Compliance"/>
          </Record>
        </Annotation>
        <Annotation Term="UI.DataPoint" Qualifier="recipeedata">
          <Record Type="UI.DataPointType">
            <PropertyValue Property="Criticality" Path="recipeCriticalityIndicator"/>
            <PropertyValue Property="TargetValue" Path="recipeCount"/>
            <PropertyValue Property="Title" String="Overall Compliance"/>
            <PropertyValue Property="Value" Path="compliantRecipeCount"/>
          </Record>
        </Annotation>
        <Annotation Term="UI.DataPoint" Qualifier="status">
          <Record Type="UI.DataPointType">
            <PropertyValue Property="Criticality" Path="criticality"/>
            <PropertyValue Property="Title" String="Evaluation Status"/>
            <PropertyValue Property="Value" Path="evalStatus"/>
          </Record>
        </Annotation>
        <Annotation Term="UI.Facets">
          <Collection>
            <Record Type="UI.CollectionFacet">
              <PropertyValue Property="Facets">
                <Collection>
                  <Record Type="UI.CollectionFacet">
                    <PropertyValue Property="ID" String="IDRecipe"/>
                    <PropertyValue Property="Facets">
                      <Collection>
                        <Record Type="UI.ReferenceFacet">
                          <PropertyValue Property="Label" String="Recipes"/>
                          <PropertyValue Property="Target" AnnotationPath="recipe/@UI.LineItem#recipe"/>
                        </Record>
                      </Collection>
                    </PropertyValue>
                    <PropertyValue Property="Label" String="Recipes"/>
                  </Record>
                  <Record Type="UI.CollectionFacet">
                    <PropertyValue Property="ID" String="IDCompliance"/>
                    <PropertyValue Property="Facets">
                      <Collection>
                        <Record Type="UI.ReferenceFacet">
                          <PropertyValue Property="Label" String="Purpose for Evaluation"/>
                          <PropertyValue Property="Target" AnnotationPath="purpose/@UI.LineItem#purpose"/>
                        </Record>
                      </Collection>
                    </PropertyValue>
                    <PropertyValue Property="Label" String="Compliance Purpose and Requirements"/>
                  </Record>
                </Collection>
              </PropertyValue>
              <PropertyValue Property="Label" String="Evaluation Details"/>
              <PropertyValue Property="ID" String="IDEvaluation"/>
            </Record>
            <Record Type="UI.ReferenceFacet">
              <PropertyValue Property="Label" String="Participants"/>
              <PropertyValue Property="Target" AnnotationPath=""/>
              <PropertyValue Property="ID" String="IDParticipant"/>
            </Record>
          </Collection>
        </Annotation>
        <Annotation Term="UI.FieldGroup" Qualifier="Status">
          <Record Type="UI.FieldGroupType">
            <PropertyValue Property="Data">
              <Collection>
                <Record Type="UI.DataField">
                  <PropertyValue Property="Value" Path="evalStatus"/>
                </Record>
                <Record Type="UI.DataFieldForAnnotation">
                  <PropertyValue Property="Target" AnnotationPath="@UI.DataPoint#status"/>
                </Record>
              </Collection>
            </PropertyValue>
          </Record>
        </Annotation>
        <Annotation Term="UI.FieldGroup" Qualifier="Summary">
          <Record Type="UI.FieldGroupType">
            <PropertyValue Property="Data">
              <Collection>
                <Record Type="UI.DataField">
                  <PropertyValue Property="Value" Path="brief"/>
                </Record>
              </Collection>
            </PropertyValue>
          </Record>
        </Annotation>
        <Annotation Term="UI.FieldGroup" Qualifier="validity">
          <Record Type="UI.FieldGroupType">
            <PropertyValue Property="Data">
              <Collection>
                <Record Type="UI.DataField">
                  <PropertyValue Property="Value" Path="market/sellingMarket"/>
                </Record>
                <Record Type="UI.DataField">
                  <PropertyValue Property="Value" Path="sellingMarket"/>
                </Record>
                <Record Type="UI.DataField">
                  <PropertyValue Property="Value" Path="validFrom"/>
                </Record>
                <Record Type="UI.DataField">
                  <PropertyValue Property="Value" Path="validTo"/>
                </Record>
              </Collection>
            </PropertyValue>
          </Record>
        </Annotation>
        <Annotation Term="UI.HeaderFacets">
          <Collection>
            <Record Type="UI.ReferenceFacet">
              <PropertyValue Property="Target" AnnotationPath="@UI.FieldGroup#Summary"/>
              <PropertyValue Property="Label" String="Evaluation Summary"/>
            </Record>
            <Record Type="UI.ReferenceFacet">
              <PropertyValue Property="Target" AnnotationPath="@UI.FieldGroup#validity"/>
            </Record>
            <Record Type="UI.ReferenceFacet">
              <PropertyValue Property="Label" String="Overall Compliance"/>
              <PropertyValue Property="Target" AnnotationPath="@UI.Chart#recipee"/>
            </Record>
            <Record Type="UI.ReferenceFacet">
              <PropertyValue Property="Target" AnnotationPath="@UI.DataPoint#status"/>
              <PropertyValue Property="Label" String="Evaluation Status"/>
            </Record>
          </Collection>
        </Annotation>
        <Annotation Term="UI.HeaderInfo">
          <Record Type="UI.HeaderInfoType">
            <PropertyValue Property="Description">
              <Record Type="UI.DataField">
                <PropertyValue Property="Value" Path="evaluationID"/>
              </Record>
            </PropertyValue>
            <PropertyValue Property="Title">
              <Record Type="UI.DataField">
                <PropertyValue Property="Value" Path="evaluationName"/>
              </Record>
            </PropertyValue>
            <PropertyValue Property="TypeName" String="Compliance Evaluator"/>
            <PropertyValue Property="TypeNamePlural" String="Evaluation Sheets"/>
          </Record>
        </Annotation>
        <Annotation Term="UI.Identification">
          <Collection>
            <Record Type="UI.DataFieldForAction">
              <PropertyValue Property="Action" String=""/>
            </Record>
          </Collection>
        </Annotation>
        <Annotation Term="UI.LineItem">
          <Collection>
            <Record Type="UI.DataField">
              <PropertyValue Property="Value" Path="evaluationID"/>
              <PropertyValue Property="Label" String="Evaluation Sheet Name"/>
            </Record>
            <Record Type="UI.DataField">
              <PropertyValue Property="Value" Path="sellingMarket"/>
            </Record>
            <Record Type="UI.DataField">
              <PropertyValue Property="Value" Path="validFrom"/>
            </Record>
            <Record Type="UI.DataField">
              <PropertyValue Property="Value" Path="validTo"/>
            </Record>
            <Record Type="UI.DataField">
              <PropertyValue Property="Value" Path="evalStatus"/>
              <PropertyValue Property="Label" String="Evaluation Status"/>
              <PropertyValue Property="Criticality" Path="criticality"/>
            </Record>
            <Record Type="UI.DataFieldForAnnotation">
              <PropertyValue Property="Target" AnnotationPath="@UI.Chart#recipee"/>
              <PropertyValue Property="Label" String="Overall Compliance"/>
            </Record>
          </Collection>
        </Annotation>
        <Annotation Term="UI.SelectionFields">
          <Collection>
            <PropertyPath>evaluationName</PropertyPath>
            <PropertyPath>sellingMarket</PropertyPath>
            <PropertyPath>validFrom</PropertyPath>
            <PropertyPath>validTo</PropertyPath>
          </Collection>
        </Annotation>
      </Annotations>
      <Annotations Target="ComplianceEvaluatorService.EntityContainer/Evaluation" xmlns="http://docs.oasis-open.org/odata/ns/edm">
        <Annotation Term="Capabilities.FilterRestrictions">
          <Record Type="Capabilities.FilterRestrictionsType">
            <PropertyValue Property="FilterExpressionRestrictions">
              <Collection>
                <Record Type="Capabilities.FilterExpressionRestrictionType">
                  <PropertyValue Property="Property" PropertyPath="validFrom"/>
                  <PropertyValue Property="AllowedExpressions" String="SingleValue"/>
                  <PropertyValue Property="multipleSelections" Bool="false"/>
                </Record>
                <Record Type="Capabilities.FilterExpressionRestrictionType">
                  <PropertyValue Property="Property" PropertyPath="validTo"/>
                  <PropertyValue Property="AllowedExpressions" String="SingleValue"/>
                  <PropertyValue Property="multipleSelections" Bool="false"/>
                </Record>
              </Collection>
            </PropertyValue>
          </Record>
        </Annotation>
        <Annotation Term="Capabilities.SearchRestrictions">
          <Record Type="Capabilities.SearchRestrictionsType">
            <PropertyValue Property="Searchable" Bool="true"/>
          </Record>
        </Annotation>
        <Annotation Term="Common.DraftRoot">
          <Record Type="Common.DraftRootType">
            <PropertyValue Property="ActivationAction" String="ComplianceEvaluatorService.EntityContainer/Evaluation_draftActivate"/>
            <PropertyValue Property="EditAction" String="ComplianceEvaluatorService.EntityContainer/Evaluation_draftEdit"/>
            <PropertyValue Property="PreparationAction" String="ComplianceEvaluatorService.EntityContainer/Evaluation_draftPrepare"/>
          </Record>
        </Annotation>
      </Annotations>
      <Annotations Target="ComplianceEvaluatorService.Evaluation/createdAt" xmlns="http://docs.oasis-open.org/odata/ns/edm">
        <Annotation Term="Common.Label" String="Created On"/>
        <Annotation Term="Core.Computed" Bool="true"/>
        <Annotation Term="Core.Immutable" Bool="true"/>
        <Annotation Term="UI.HiddenFilter" Bool="true"/>
      </Annotations>
      <Annotations Target="ComplianceEvaluatorService.Evaluation/createdBy" xmlns="http://docs.oasis-open.org/odata/ns/edm">
        <Annotation Term="Common.Label" String="Angelegt von"/>
        <Annotation Term="Core.Computed" Bool="true"/>
        <Annotation Term="Core.Description" String="Die eindeutige ID eines Benutzers"/>
        <Annotation Term="Core.Immutable" Bool="true"/>
        <Annotation Term="UI.HiddenFilter" Bool="true"/>
      </Annotations>
      <Annotations Target="ComplianceEvaluatorService.Evaluation/modifiedAt" xmlns="http://docs.oasis-open.org/odata/ns/edm">
        <Annotation Term="Common.Label" String="ModifiedAt"/>
        <Annotation Term="Core.Computed" Bool="true"/>
        <Annotation Term="UI.HiddenFilter" Bool="true"/>
      </Annotations>
      <Annotations Target="ComplianceEvaluatorService.Evaluation/modifiedBy" xmlns="http://docs.oasis-open.org/odata/ns/edm">
        <Annotation Term="Common.Label" String="ModifiedBy"/>
        <Annotation Term="Core.Computed" Bool="true"/>
        <Annotation Term="Core.Description" String="Die eindeutige ID eines Benutzers"/>
        <Annotation Term="UI.HiddenFilter" Bool="true"/>
      </Annotations>
      <Annotations Target="ComplianceEvaluatorService.Evaluation/evaluationID" xmlns="http://docs.oasis-open.org/odata/ns/edm">
        <Annotation Term="Common.Label" String="Evaluation ID"/>
        <Annotation Term="Common.Text" Path="evaluationName"/>
      </Annotations>
      <Annotations Target="ComplianceEvaluatorService.Evaluation/evaluationName" xmlns="http://docs.oasis-open.org/odata/ns/edm">
        <Annotation Term="Common.FieldControl" EnumMember="Common.FieldControlType/Mandatory"/>
        <Annotation Term="Common.Label" String="Evaluation Sheet Name"/>
        <Annotation Term="UI.Exclude" Bool="true"/>
      </Annotations>
      <Annotations Target="ComplianceEvaluatorService.Evaluation/brief" xmlns="http://docs.oasis-open.org/odata/ns/edm">
        <Annotation Term="Common.Label" String="Evaluation Summary"/>
        <Annotation Term="UI.MultiLineText" Bool="true"/>
      </Annotations>
      <Annotations Target="ComplianceEvaluatorService.Evaluation/sellingMarket" xmlns="http://docs.oasis-open.org/odata/ns/edm">
        <Annotation Term="Common.FieldControl" EnumMember="Common.FieldControlType/Mandatory"/>
        <Annotation Term="Common.Label" String="Selling Market"/>
        <Annotation Term="Common.ValueList">
          <Record Type="Common.ValueListType">
            <PropertyValue Property="CollectionPath" String="Country"/>
            <PropertyValue Property="Label" String="Land"/>
            <PropertyValue Property="Parameters">
              <Collection>
                <Record Type="Common.ValueListParameterInOut">
                  <PropertyValue Property="LocalDataProperty" PropertyPath="sellingMarket"/>
                  <PropertyValue Property="ValueListProperty" String="countryName"/>
                </Record>
                <Record Type="Common.ValueListParameterDisplayOnly">
                  <PropertyValue Property="ValueListProperty" String="evaluationID"/>
                </Record>
              </Collection>
            </PropertyValue>
            <PropertyValue Property="SearchSupported" Bool="false"/>
          </Record>
        </Annotation>
        <Annotation Term="Common.ValueListWithFixedValues" Bool="false"/>
      </Annotations>
      <Annotations Target="ComplianceEvaluatorService.Evaluation/validFrom" xmlns="http://docs.oasis-open.org/odata/ns/edm">
        <Annotation Term="Common.Label" String="Compliance From"/>
      </Annotations>
      <Annotations Target="ComplianceEvaluatorService.Evaluation/validTo" xmlns="http://docs.oasis-open.org/odata/ns/edm">
        <Annotation Term="Common.Label" String="Compliance To"/>
      </Annotations>
      <Annotations Target="ComplianceEvaluatorService.Evaluation/recipeCount" xmlns="http://docs.oasis-open.org/odata/ns/edm">
        <Annotation Term="Common.Label" String="Number of Assigned Recipes"/>
        <Annotation Term="Core.Computed" Bool="true"/>
        <Annotation Term="UI.Hidden" Bool="true"/>
      </Annotations>
      <Annotations Target="ComplianceEvaluatorService.Evaluation/evalStatus" xmlns="http://docs.oasis-open.org/odata/ns/edm">
        <Annotation Term="Common.Label" String="Evaluation Status"/>
        <Annotation Term="Common.ValueList">
          <Record Type="Common.ValueListType">
            <PropertyValue Property="CollectionPath" String="EvaluationStatus"/>
            <PropertyValue Property="Label" String="Evaluation Status"/>
            <PropertyValue Property="Parameters">
              <Collection>
                <Record Type="Common.ValueListParameterInOut">
                  <PropertyValue Property="LocalDataProperty" PropertyPath="evalStatus"/>
                  <PropertyValue Property="ValueListProperty" String="status"/>
                </Record>
                <Record Type="Common.ValueListParameterDisplayOnly">
                  <PropertyValue Property="ValueListProperty" String="evaluationID"/>
                </Record>
              </Collection>
            </PropertyValue>
            <PropertyValue Property="SearchSupported" Bool="false"/>
          </Record>
        </Annotation>
        <Annotation Term="Common.ValueListWithFixedValues" Bool="true"/>
      </Annotations>
      <Annotations Target="ComplianceEvaluatorService.Evaluation/compliantRecipeCount" xmlns="http://docs.oasis-open.org/odata/ns/edm">
        <Annotation Term="Common.Label" String="Recipe Compliance Status"/>
        <Annotation Term="Core.Computed" Bool="true"/>
        <Annotation Term="UI.Hidden" Bool="true"/>
      </Annotations>
      <Annotations Target="ComplianceEvaluatorService.Evaluation/recipeCriticalityIndicator" xmlns="http://docs.oasis-open.org/odata/ns/edm">
        <Annotation Term="Core.Computed" Bool="true"/>
        <Annotation Term="UI.Hidden" Bool="true"/>
      </Annotations>
      <Annotations Target="ComplianceEvaluatorService.Evaluation/nextEvalStatus" xmlns="http://docs.oasis-open.org/odata/ns/edm">
        <Annotation Term="UI.Hidden" Bool="true"/>
      </Annotations>
      <Annotations Target="ComplianceEvaluatorService.Evaluation/criticality" xmlns="http://docs.oasis-open.org/odata/ns/edm">
        <Annotation Term="Core.Computed" Bool="true"/>
        <Annotation Term="UI.Hidden" Bool="true"/>
      </Annotations>
      <Annotations Target="ComplianceEvaluatorService.Evaluation/IsActiveEntity" xmlns="http://docs.oasis-open.org/odata/ns/edm">
        <Annotation Term="UI.Hidden" Bool="true"/>
      </Annotations>
      <Annotations Target="ComplianceEvaluatorService.Evaluation/HasActiveEntity" xmlns="http://docs.oasis-open.org/odata/ns/edm">
        <Annotation Term="UI.Hidden" Bool="true"/>
      </Annotations>
      <Annotations Target="ComplianceEvaluatorService.Evaluation/HasDraftEntity" xmlns="http://docs.oasis-open.org/odata/ns/edm">
        <Annotation Term="UI.Hidden" Bool="true"/>
      </Annotations>
      <Annotations Target="ComplianceEvaluatorService.Evaluation/DraftAdministrativeData_DraftUUID" xmlns="http://docs.oasis-open.org/odata/ns/edm">
        <Annotation Term="UI.Hidden" Bool="true"/>
      </Annotations>
      <Annotations Target="ComplianceEvaluatorService.EntityContainer/EvaluationSellingMarket" xmlns="http://docs.oasis-open.org/odata/ns/edm">
        <Annotation Term="Common.DraftNode">
          <Record Type="Common.DraftNodeType">
            <PropertyValue Property="PreparationAction" String="ComplianceEvaluatorService.EntityContainer/EvaluationSellingMarket_draftPrepare"/>
          </Record>
        </Annotation>
      </Annotations>
      <Annotations Target="ComplianceEvaluatorService.EvaluationSellingMarket/sellingMarket" xmlns="http://docs.oasis-open.org/odata/ns/edm">
        <Annotation Term="Common.FieldControl" EnumMember="Common.FieldControlType/Mandatory"/>
        <Annotation Term="Common.Label" String="Selling Market"/>
        <Annotation Term="Common.ValueList">
          <Record Type="Common.ValueListType">
            <PropertyValue Property="CollectionPath" String="Country"/>
            <PropertyValue Property="Label" String="Land"/>
            <PropertyValue Property="Parameters">
              <Collection>
                <Record Type="Common.ValueListParameterInOut">
                  <PropertyValue Property="LocalDataProperty" PropertyPath="sellingMarket"/>
                  <PropertyValue Property="ValueListProperty" String="countryName"/>
                </Record>
                <Record Type="Common.ValueListParameterDisplayOnly">
                  <PropertyValue Property="ValueListProperty" String="evaluationID"/>
                </Record>
              </Collection>
            </PropertyValue>
            <PropertyValue Property="SearchSupported" Bool="false"/>
          </Record>
        </Annotation>
        <Annotation Term="Common.ValueListWithFixedValues" Bool="false"/>
      </Annotations>
      <Annotations Target="ComplianceEvaluatorService.EvaluationSellingMarket/IsActiveEntity" xmlns="http://docs.oasis-open.org/odata/ns/edm">
        <Annotation Term="UI.Hidden" Bool="true"/>
      </Annotations>
      <Annotations Target="ComplianceEvaluatorService.EvaluationSellingMarket/HasActiveEntity" xmlns="http://docs.oasis-open.org/odata/ns/edm">
        <Annotation Term="UI.Hidden" Bool="true"/>
      </Annotations>
      <Annotations Target="ComplianceEvaluatorService.EvaluationSellingMarket/HasDraftEntity" xmlns="http://docs.oasis-open.org/odata/ns/edm">
        <Annotation Term="UI.Hidden" Bool="true"/>
      </Annotations>
      <Annotations Target="ComplianceEvaluatorService.EvaluationSellingMarket/DraftAdministrativeData_DraftUUID" xmlns="http://docs.oasis-open.org/odata/ns/edm">
        <Annotation Term="UI.Hidden" Bool="true"/>
      </Annotations>
      <Annotations Target="ComplianceEvaluatorService.MasterRecipe/recipeUUID" xmlns="http://docs.oasis-open.org/odata/ns/edm">
        <Annotation Term="Common.Label" String="Recipe ID"/>
      </Annotations>
      <Annotations Target="ComplianceEvaluatorService.MasterRecipe/recipeDescription" xmlns="http://docs.oasis-open.org/odata/ns/edm">
        <Annotation Term="Common.Label" String="Description"/>
      </Annotations>
      <Annotations Target="ComplianceEvaluatorService.MasterRecipe/validityArea" xmlns="http://docs.oasis-open.org/odata/ns/edm">
        <Annotation Term="Common.Label" String="Validity Area"/>
      </Annotations>
      <Annotations Target="ComplianceEvaluatorService.MasterRecipe/validityDate" xmlns="http://docs.oasis-open.org/odata/ns/edm">
        <Annotation Term="Common.Label" String="Validity Date"/>
      </Annotations>
      <Annotations Target="ComplianceEvaluatorService.MasterRecipe/recipeType" xmlns="http://docs.oasis-open.org/odata/ns/edm">
        <Annotation Term="Common.Label" String="Type"/>
      </Annotations>
      <Annotations Target="ComplianceEvaluatorService.MasterRecipe/recipeTypeDesc" xmlns="http://docs.oasis-open.org/odata/ns/edm">
        <Annotation Term="Common.Label" String="Recipe Type Description"/>
      </Annotations>
      <Annotations Target="ComplianceEvaluatorService.MasterRecipe/recipeStatus" xmlns="http://docs.oasis-open.org/odata/ns/edm">
        <Annotation Term="Common.Label" String="Recipe Status"/>
      </Annotations>
      <Annotations Target="ComplianceEvaluatorService.MasterRecipe/recipeStatusDesc" xmlns="http://docs.oasis-open.org/odata/ns/edm">
        <Annotation Term="Common.Label" String="Recipe Status Description"/>
      </Annotations>
      <Annotations Target="ComplianceEvaluatorService.MasterRecipe/createdBy" xmlns="http://docs.oasis-open.org/odata/ns/edm">
        <Annotation Term="Common.Label" String="Created By"/>
      </Annotations>
      <Annotations Target="ComplianceEvaluatorService.MasterRecipe/createdOn" xmlns="http://docs.oasis-open.org/odata/ns/edm">
        <Annotation Term="Common.Label" String="Created On"/>
      </Annotations>
      <Annotations Target="ComplianceEvaluatorService.MasterRecipe/changedBy" xmlns="http://docs.oasis-open.org/odata/ns/edm">
        <Annotation Term="Common.Label" String="Changed By"/>
      </Annotations>
      <Annotations Target="ComplianceEvaluatorService.MasterRecipe/changedOn" xmlns="http://docs.oasis-open.org/odata/ns/edm">
        <Annotation Term="Common.Label" String="Changed On"/>
      </Annotations>
      <Annotations Target="ComplianceEvaluatorService.Purpose" xmlns="http://docs.oasis-open.org/odata/ns/edm">
        <Annotation Term="UI.LineItem" Qualifier="purpose">
          <Collection>
            <Record Type="UI.DataField">
              <PropertyValue Property="Value" Path="purpose"/>
            </Record>
            <Record Type="UI.DataField">
              <PropertyValue Property="Value" Path="requirement"/>
            </Record>
            <Record Type="UI.DataFieldWithIntentBasedNavigation">
              <PropertyValue Property="SemanticObject" String="Test"/>
              <PropertyValue Property="Value" Path="requirementID"/>
              <PropertyValue Property="Action" String="test"/>
            </Record>
            <Record Type="UI.DataField">
              <PropertyValue Property="Value" Path="purposeType"/>
            </Record>
            <Record Type="UI.DataField">
              <PropertyValue Property="Value" Path="addedOn"/>
            </Record>
            <Record Type="UI.DataField">
              <PropertyValue Property="Value" Path="addedBy"/>
            </Record>
            <Record Type="UI.DataField">
              <PropertyValue Property="Value" Path="validityArea"/>
            </Record>
          </Collection>
        </Annotation>
      </Annotations>
      <Annotations Target="ComplianceEvaluatorService.EntityContainer/Purpose" xmlns="http://docs.oasis-open.org/odata/ns/edm">
        <Annotation Term="Capabilities.SearchRestrictions">
          <Record Type="Capabilities.SearchRestrictionsType">
            <PropertyValue Property="Searchable" Bool="false"/>
          </Record>
        </Annotation>
        <Annotation Term="Common.DraftNode">
          <Record Type="Common.DraftNodeType">
            <PropertyValue Property="PreparationAction" String="ComplianceEvaluatorService.EntityContainer/Purpose_draftPrepare"/>
          </Record>
        </Annotation>
      </Annotations>
      <Annotations Target="ComplianceEvaluatorService.Purpose/ID" xmlns="http://docs.oasis-open.org/odata/ns/edm">
        <Annotation Term="UI.Hidden" Bool="true"/>
      </Annotations>
      <Annotations Target="ComplianceEvaluatorService.Purpose/purposeId" xmlns="http://docs.oasis-open.org/odata/ns/edm">
        <Annotation Term="Common.Label" String="Purpose ID"/>
      </Annotations>
      <Annotations Target="ComplianceEvaluatorService.Purpose/evaluationID" xmlns="http://docs.oasis-open.org/odata/ns/edm">
        <Annotation Term="UI.Hidden" Bool="true"/>
      </Annotations>
      <Annotations Target="ComplianceEvaluatorService.Purpose/purpose" xmlns="http://docs.oasis-open.org/odata/ns/edm">
        <Annotation Term="Common.Label" String="Purpose"/>
      </Annotations>
      <Annotations Target="ComplianceEvaluatorService.Purpose/requirement" xmlns="http://docs.oasis-open.org/odata/ns/edm">
        <Annotation Term="Common.Label" String="Requirement"/>
      </Annotations>
      <Annotations Target="ComplianceEvaluatorService.Purpose/requirementID" xmlns="http://docs.oasis-open.org/odata/ns/edm">
        <Annotation Term="Common.Label" String="Requirement ID"/>
      </Annotations>
      <Annotations Target="ComplianceEvaluatorService.Purpose/purposeType" xmlns="http://docs.oasis-open.org/odata/ns/edm">
        <Annotation Term="Common.Label" String="Type"/>
      </Annotations>
      <Annotations Target="ComplianceEvaluatorService.Purpose/addedOn" xmlns="http://docs.oasis-open.org/odata/ns/edm">
        <Annotation Term="Common.Label" String="Added On"/>
      </Annotations>
      <Annotations Target="ComplianceEvaluatorService.Purpose/addedBy" xmlns="http://docs.oasis-open.org/odata/ns/edm">
        <Annotation Term="Common.Label" String="Added By"/>
      </Annotations>
      <Annotations Target="ComplianceEvaluatorService.Purpose/validityArea" xmlns="http://docs.oasis-open.org/odata/ns/edm">
        <Annotation Term="Common.Label" String="Validity Area"/>
      </Annotations>
      <Annotations Target="ComplianceEvaluatorService.Purpose/IsActiveEntity" xmlns="http://docs.oasis-open.org/odata/ns/edm">
        <Annotation Term="UI.Hidden" Bool="true"/>
      </Annotations>
      <Annotations Target="ComplianceEvaluatorService.Purpose/HasActiveEntity" xmlns="http://docs.oasis-open.org/odata/ns/edm">
        <Annotation Term="UI.Hidden" Bool="true"/>
      </Annotations>
      <Annotations Target="ComplianceEvaluatorService.Purpose/HasDraftEntity" xmlns="http://docs.oasis-open.org/odata/ns/edm">
        <Annotation Term="UI.Hidden" Bool="true"/>
      </Annotations>
      <Annotations Target="ComplianceEvaluatorService.Purpose/DraftAdministrativeData_DraftUUID" xmlns="http://docs.oasis-open.org/odata/ns/edm">
        <Annotation Term="UI.Hidden" Bool="true"/>
      </Annotations>
      <Annotations Target="ComplianceEvaluatorService.Recipe" xmlns="http://docs.oasis-open.org/odata/ns/edm">
        <Annotation Term="UI.LineItem" Qualifier="recipe">
          <Collection>
            <Record Type="UI.DataField">
              <PropertyValue Property="Value" Path="recipeDescription"/>
            </Record>
            <Record Type="UI.DataField">
              <PropertyValue Property="Value" Path="compliantStatus"/>
            </Record>
            <Record Type="UI.DataField">
              <PropertyValue Property="Value" Path="relevantEvaluation"/>
            </Record>
            <Record Type="UI.DataFieldWithIntentBasedNavigation">
              <PropertyValue Property="SemanticObject" String="Test"/>
              <PropertyValue Property="Value" Path="recipeId"/>
              <PropertyValue Property="Action" String="test"/>
            </Record>
            <Record Type="UI.DataFieldWithIntentBasedNavigation">
              <PropertyValue Property="SemanticObject" String="Test"/>
              <PropertyValue Property="Value" Path="copyRecipe"/>
              <PropertyValue Property="Action" String="test"/>
            </Record>
            <Record Type="UI.DataField">
              <PropertyValue Property="Value" Path="recipeStatus"/>
            </Record>
            <Record Type="UI.DataField">
              <PropertyValue Property="Value" Path="recipeType"/>
            </Record>
          </Collection>
        </Annotation>
      </Annotations>
      <Annotations Target="ComplianceEvaluatorService.EntityContainer/Recipe" xmlns="http://docs.oasis-open.org/odata/ns/edm">
        <Annotation Term="Capabilities.SearchRestrictions">
          <Record Type="Capabilities.SearchRestrictionsType">
            <PropertyValue Property="Searchable" Bool="false"/>
          </Record>
        </Annotation>
        <Annotation Term="Common.DraftNode">
          <Record Type="Common.DraftNodeType">
            <PropertyValue Property="PreparationAction" String="ComplianceEvaluatorService.EntityContainer/Recipe_draftPrepare"/>
          </Record>
        </Annotation>
      </Annotations>
      <Annotations Target="ComplianceEvaluatorService.Recipe/ID" xmlns="http://docs.oasis-open.org/odata/ns/edm">
        <Annotation Term="UI.Hidden" Bool="true"/>
      </Annotations>
      <Annotations Target="ComplianceEvaluatorService.Recipe/evaluationID" xmlns="http://docs.oasis-open.org/odata/ns/edm">
        <Annotation Term="UI.Hidden" Bool="true"/>
      </Annotations>
      <Annotations Target="ComplianceEvaluatorService.Recipe/recipeDescription" xmlns="http://docs.oasis-open.org/odata/ns/edm">
        <Annotation Term="Common.Label" String="Description"/>
      </Annotations>
      <Annotations Target="ComplianceEvaluatorService.Recipe/recipeType" xmlns="http://docs.oasis-open.org/odata/ns/edm">
        <Annotation Term="Common.Label" String="Type"/>
      </Annotations>
      <Annotations Target="ComplianceEvaluatorService.Recipe/compliantStatus" xmlns="http://docs.oasis-open.org/odata/ns/edm">
        <Annotation Term="Common.Label" String="Compliance Status"/>
      </Annotations>
      <Annotations Target="ComplianceEvaluatorService.Recipe/relevantEvaluation" xmlns="http://docs.oasis-open.org/odata/ns/edm">
        <Annotation Term="Common.Label" String="Relevant for Evaluation"/>
      </Annotations>
      <Annotations Target="ComplianceEvaluatorService.Recipe/recipeId" xmlns="http://docs.oasis-open.org/odata/ns/edm">
        <Annotation Term="Common.Label" String="Recipe ID"/>
      </Annotations>
      <Annotations Target="ComplianceEvaluatorService.Recipe/copyRecipe" xmlns="http://docs.oasis-open.org/odata/ns/edm">
        <Annotation Term="Common.Label" String="Copied from Recipe"/>
      </Annotations>
      <Annotations Target="ComplianceEvaluatorService.Recipe/recipeStatus" xmlns="http://docs.oasis-open.org/odata/ns/edm">
        <Annotation Term="Common.Label" String="Recipe Status"/>
      </Annotations>
      <Annotations Target="ComplianceEvaluatorService.Recipe/createdBy" xmlns="http://docs.oasis-open.org/odata/ns/edm">
        <Annotation Term="Common.Label" String="Created By"/>
      </Annotations>
      <Annotations Target="ComplianceEvaluatorService.Recipe/createdOn" xmlns="http://docs.oasis-open.org/odata/ns/edm">
        <Annotation Term="Common.Label" String="Created On"/>
      </Annotations>
      <Annotations Target="ComplianceEvaluatorService.Recipe/changedBy" xmlns="http://docs.oasis-open.org/odata/ns/edm">
        <Annotation Term="Common.Label" String="Changed By"/>
      </Annotations>
      <Annotations Target="ComplianceEvaluatorService.Recipe/changedOn" xmlns="http://docs.oasis-open.org/odata/ns/edm">
        <Annotation Term="Common.Label" String="Changed On"/>
      </Annotations>
      <Annotations Target="ComplianceEvaluatorService.Recipe/IsActiveEntity" xmlns="http://docs.oasis-open.org/odata/ns/edm">
        <Annotation Term="UI.Hidden" Bool="true"/>
      </Annotations>
      <Annotations Target="ComplianceEvaluatorService.Recipe/HasActiveEntity" xmlns="http://docs.oasis-open.org/odata/ns/edm">
        <Annotation Term="UI.Hidden" Bool="true"/>
      </Annotations>
      <Annotations Target="ComplianceEvaluatorService.Recipe/HasDraftEntity" xmlns="http://docs.oasis-open.org/odata/ns/edm">
        <Annotation Term="UI.Hidden" Bool="true"/>
      </Annotations>
      <Annotations Target="ComplianceEvaluatorService.Recipe/DraftAdministrativeData_DraftUUID" xmlns="http://docs.oasis-open.org/odata/ns/edm">
        <Annotation Term="UI.Hidden" Bool="true"/>
      </Annotations>
    </Schema>
  </edmx:DataServices>
</edmx:Edmx>