<?xml version="1.0" encoding="utf-8"?>
<edmx:Edmx Version="1.0" xmlns:edmx="http://schemas.microsoft.com/ado/2007/06/edmx" xmlns:m="http://schemas.microsoft.com/ado/2007/08/dataservices/metadata" xmlns:sap="http://www.sap.com/Protocols/SAPData">
  <edmx:Reference Uri="https://oasis-tcs.github.io/odata-vocabularies/vocabularies/Org.OData.Capabilities.V1.xml" xmlns:edmx="http://docs.oasis-open.org/odata/ns/edmx">
    <edmx:Include Alias="Capabilities" Namespace="Org.OData.Capabilities.V1"/>
  </edmx:Reference>
  <edmx:Reference Uri="https://sap.github.io/odata-vocabularies/vocabularies/Common.xml" xmlns:edmx="http://docs.oasis-open.org/odata/ns/edmx">
    <edmx:Include Alias="Common" Namespace="com.sap.vocabularies.Common.v1"/>
  </edmx:Reference>
  <edmx:Reference Uri="https://oasis-tcs.github.io/odata-vocabularies/vocabularies/Org.OData.Core.V1.xml" xmlns:edmx="http://docs.oasis-open.org/odata/ns/edmx">
    <edmx:Include Alias="Core" Namespace="Org.OData.Core.V1"/>
  </edmx:Reference>
  <edmx:Reference Uri="https://sap.github.io/odata-vocabularies/vocabularies/UI.xml" xmlns:edmx="http://docs.oasis-open.org/odata/ns/edmx">
    <edmx:Include Alias="UI" Namespace="com.sap.vocabularies.UI.v1"/>
  </edmx:Reference>
  <edmx:DataServices m:DataServiceVersion="2.0">
    <Schema Namespace="ManageLayoutService" xmlns="http://schemas.microsoft.com/ado/2008/09/edm">
      <EntityContainer Name="EntityContainer" m:IsDefaultEntityContainer="true">
        <EntitySet Name="CategoryType" EntityType="ManageLayoutService.CategoryType"/>
        <EntitySet Name="ColumnsSelectedInLayout" EntityType="ManageLayoutService.ColumnsSelectedInLayout"/>
        <FunctionImport Name="ColumnsSelectedInLayout_draftPrepare" EntitySet="ColumnsSelectedInLayout" ReturnType="ManageLayoutService.ColumnsSelectedInLayout" m:HttpMethod="POST" sap:action-for="ManageLayoutService.ColumnsSelectedInLayout">
          <Parameter Name="ID" Type="Edm.Guid" Nullable="false" Mode="In"/>
          <Parameter Name="IsActiveEntity" Type="Edm.Boolean" Nullable="false" Mode="In"/>
          <Parameter Name="SideEffectsQualifier" Type="Edm.String" Mode="In" Nullable="true"/>
        </FunctionImport>
        <EntitySet Name="DraftAdministrativeData" EntityType="ManageLayoutService.DraftAdministrativeData"/>
        <EntitySet Name="LayoutInformation" EntityType="ManageLayoutService.LayoutInformation"/>
        <FunctionImport Name="LayoutInformation_draftPrepare" EntitySet="LayoutInformation" ReturnType="ManageLayoutService.LayoutInformation" m:HttpMethod="POST" sap:action-for="ManageLayoutService.LayoutInformation">
          <Parameter Name="ID" Type="Edm.Guid" Nullable="false" Mode="In"/>
          <Parameter Name="IsActiveEntity" Type="Edm.Boolean" Nullable="false" Mode="In"/>
          <Parameter Name="SideEffectsQualifier" Type="Edm.String" Mode="In" Nullable="true"/>
        </FunctionImport>
        <FunctionImport Name="LayoutInformation_draftActivate" EntitySet="LayoutInformation" ReturnType="ManageLayoutService.LayoutInformation" m:HttpMethod="POST" sap:action-for="ManageLayoutService.LayoutInformation">
          <Parameter Name="ID" Type="Edm.Guid" Nullable="false" Mode="In"/>
          <Parameter Name="IsActiveEntity" Type="Edm.Boolean" Nullable="false" Mode="In"/>
        </FunctionImport>
        <FunctionImport Name="LayoutInformation_draftEdit" EntitySet="LayoutInformation" ReturnType="ManageLayoutService.LayoutInformation" m:HttpMethod="POST" sap:action-for="ManageLayoutService.LayoutInformation">
          <Parameter Name="ID" Type="Edm.Guid" Nullable="false" Mode="In"/>
          <Parameter Name="IsActiveEntity" Type="Edm.Boolean" Nullable="false" Mode="In"/>
          <Parameter Name="PreserveChanges" Type="Edm.Boolean" Mode="In" Nullable="true"/>
        </FunctionImport>
        <EntitySet Name="LayoutType" EntityType="ManageLayoutService.LayoutType"/>
        <EntitySet Name="Subcategory" EntityType="ManageLayoutService.Subcategory"/>
        <EntitySet Name="UOM" EntityType="ManageLayoutService.UOM"/>
        <FunctionImport Name="addBasicColumn" ReturnType="Edm.String" m:HttpMethod="GET">
          <Parameter Name="ID" Type="Edm.String" Mode="In" Nullable="true"/>
          <Parameter Name="category" Type="Edm.String" Mode="In" Nullable="true"/>
          <Parameter Name="subCategory" Type="Edm.String" Mode="In" Nullable="true"/>
        </FunctionImport>
        <FunctionImport Name="layoutDefaultFlagSave" EntitySet="LayoutInformation" ReturnType="ManageLayoutService.LayoutInformation" m:HttpMethod="GET">
          <Parameter Name="ID" Type="Edm.String" Mode="In" Nullable="true"/>
          <Parameter Name="defaultFlag" Type="Edm.Boolean" Mode="In" Nullable="true"/>
        </FunctionImport>
        <FunctionImport Name="layoutStatusSave" EntitySet="LayoutInformation" ReturnType="ManageLayoutService.LayoutInformation" m:HttpMethod="GET">
          <Parameter Name="ID" Type="Edm.String" Mode="In" Nullable="true"/>
          <Parameter Name="status" Type="Edm.String" Mode="In" Nullable="true"/>
        </FunctionImport>
        <AssociationSet Name="ColumnsSelectedInLayout_layoutItem" Association="ManageLayoutService.ColumnsSelectedInLayout_layoutItem">
          <End Role="ColumnsSelectedInLayout" EntitySet="ColumnsSelectedInLayout"/>
          <End Role="LayoutInformation" EntitySet="LayoutInformation"/>
        </AssociationSet>
        <AssociationSet Name="ColumnsSelectedInLayout_DraftAdministrativeData" Association="ManageLayoutService.ColumnsSelectedInLayout_DraftAdministrativeData">
          <End Role="ColumnsSelectedInLayout" EntitySet="ColumnsSelectedInLayout"/>
          <End Role="DraftAdministrativeData" EntitySet="DraftAdministrativeData"/>
        </AssociationSet>
        <AssociationSet Name="ColumnsSelectedInLayout_SiblingEntity" Association="ManageLayoutService.ColumnsSelectedInLayout_SiblingEntity">
          <End Role="ColumnsSelectedInLayout" EntitySet="ColumnsSelectedInLayout"/>
          <End Role="ColumnsSelectedInLayout1" EntitySet="ColumnsSelectedInLayout"/>
        </AssociationSet>
        <AssociationSet Name="LayoutInformation_DraftAdministrativeData" Association="ManageLayoutService.LayoutInformation_DraftAdministrativeData">
          <End Role="LayoutInformation" EntitySet="LayoutInformation"/>
          <End Role="DraftAdministrativeData" EntitySet="DraftAdministrativeData"/>
        </AssociationSet>
        <AssociationSet Name="LayoutInformation_SiblingEntity" Association="ManageLayoutService.LayoutInformation_SiblingEntity">
          <End Role="LayoutInformation" EntitySet="LayoutInformation"/>
          <End Role="LayoutInformation1" EntitySet="LayoutInformation"/>
        </AssociationSet>
      </EntityContainer>
      <EntityType Name="CategoryType">
        <Key>
          <PropertyRef Name="ID"/>
        </Key>
        <Property Name="ID" Type="Edm.Int32" Nullable="false"/>
        <Property Name="categoryName" Type="Edm.String"/>
      </EntityType>
      <EntityType Name="ColumnsSelectedInLayout">
        <Key>
          <PropertyRef Name="ID"/>
          <PropertyRef Name="IsActiveEntity"/>
        </Key>
        <Property Name="ID" Type="Edm.Guid" Nullable="false"/>
        <Property Name="layoutItemId" Type="Edm.Guid"/>
        <Property Name="categoryName" Type="Edm.String" sap:updatable="false"/>
        <Property Name="subCategoryName" Type="Edm.String" sap:updatable="false"/>
        <Property Name="UOM" Type="Edm.String" sap:updatable="false"/>
        <Property Name="fixedColumn" Type="Edm.Boolean"/>
        <Property Name="serialNoColumn" Type="Edm.Int32"/>
        <Property Name="serialNoRow" Type="Edm.Int32"/>
        <NavigationProperty Name="layoutItem" Relationship="ManageLayoutService.ColumnsSelectedInLayout_layoutItem" FromRole="ColumnsSelectedInLayout" ToRole="LayoutInformation"/>
        <Property Name="IsActiveEntity" Type="Edm.Boolean" Nullable="false"/>
        <Property Name="HasActiveEntity" Type="Edm.Boolean" Nullable="false"/>
        <Property Name="HasDraftEntity" Type="Edm.Boolean" Nullable="false"/>
        <NavigationProperty Name="DraftAdministrativeData" Relationship="ManageLayoutService.ColumnsSelectedInLayout_DraftAdministrativeData" FromRole="ColumnsSelectedInLayout" ToRole="DraftAdministrativeData"/>
        <Property Name="DraftAdministrativeData_DraftUUID" Type="Edm.Guid"/>
        <NavigationProperty Name="SiblingEntity" Relationship="ManageLayoutService.ColumnsSelectedInLayout_SiblingEntity" FromRole="ColumnsSelectedInLayout" ToRole="ColumnsSelectedInLayout1"/>
      </EntityType>
      <EntityType Name="DraftAdministrativeData">
        <Key>
          <PropertyRef Name="DraftUUID"/>
        </Key>
        <Property Name="DraftUUID" Type="Edm.Guid" Nullable="false"/>
        <Property Name="CreationDateTime" Type="Edm.DateTimeOffset" Precision="7"/>
        <Property Name="CreatedByUser" Type="Edm.String" MaxLength="256"/>
        <Property Name="DraftIsCreatedByMe" Type="Edm.Boolean"/>
        <Property Name="LastChangeDateTime" Type="Edm.DateTimeOffset" Precision="7"/>
        <Property Name="LastChangedByUser" Type="Edm.String" MaxLength="256"/>
        <Property Name="InProcessByUser" Type="Edm.String" MaxLength="256"/>
        <Property Name="DraftIsProcessedByMe" Type="Edm.Boolean"/>
      </EntityType>
      <EntityType Name="LayoutInformation">
        <Key>
          <PropertyRef Name="ID"/>
          <PropertyRef Name="IsActiveEntity"/>
        </Key>
        <Property Name="createdAt" Type="Edm.DateTimeOffset" Precision="7"/>
        <Property Name="createdBy" Type="Edm.String" MaxLength="255"/>
        <Property Name="modifiedAt" Type="Edm.DateTimeOffset" Precision="7"/>
        <Property Name="modifiedBy" Type="Edm.String" MaxLength="255"/>
        <Property Name="ID" Type="Edm.Guid" Nullable="false"/>
        <Property Name="layoutName" Type="Edm.String"/>
        <Property Name="status" Type="Edm.String" MaxLength="20"/>
        <Property Name="description" Type="Edm.String" MaxLength="120"/>
        <Property Name="defaultFlag" Type="Edm.Boolean"/>
        <Property Name="layoutType" Type="Edm.String"/>
        <Property Name="refernceQuanity" Type="Edm.Double" sap:unit="UOM"/>
        <Property Name="UOM" Type="Edm.String" sap:semantics="currency-code"/>
        <Property Name="criticality" Type="Edm.Int32"/>
        <Property Name="defaultFlagCriticality" Type="Edm.Int32"/>
        <NavigationProperty Name="columnsSelectedInLayout" Relationship="ManageLayoutService.ColumnsSelectedInLayout_layoutItem" FromRole="LayoutInformation" ToRole="ColumnsSelectedInLayout"/>
        <Property Name="IsActiveEntity" Type="Edm.Boolean" Nullable="false"/>
        <Property Name="HasActiveEntity" Type="Edm.Boolean" Nullable="false"/>
        <Property Name="HasDraftEntity" Type="Edm.Boolean" Nullable="false"/>
        <NavigationProperty Name="DraftAdministrativeData" Relationship="ManageLayoutService.LayoutInformation_DraftAdministrativeData" FromRole="LayoutInformation" ToRole="DraftAdministrativeData"/>
        <Property Name="DraftAdministrativeData_DraftUUID" Type="Edm.Guid"/>
        <NavigationProperty Name="SiblingEntity" Relationship="ManageLayoutService.LayoutInformation_SiblingEntity" FromRole="LayoutInformation" ToRole="LayoutInformation1"/>
      </EntityType>
      <EntityType Name="LayoutType">
        <Key>
          <PropertyRef Name="ID"/>
        </Key>
        <Property Name="ID" Type="Edm.Int32" Nullable="false"/>
        <Property Name="typeName" Type="Edm.String"/>
      </EntityType>
      <EntityType Name="Subcategory">
        <Key>
          <PropertyRef Name="ID"/>
        </Key>
        <Property Name="ID" Type="Edm.Int32" Nullable="false"/>
        <Property Name="categoryId" Type="Edm.Int32"/>
        <Property Name="subCategoryName" Type="Edm.String"/>
      </EntityType>
      <EntityType Name="UOM">
        <Key>
          <PropertyRef Name="ID"/>
        </Key>
        <Property Name="ID" Type="Edm.String" Nullable="false"/>
        <Property Name="Description" Type="Edm.String"/>
      </EntityType>
      <Association Name="ColumnsSelectedInLayout_layoutItem">
        <End Role="ColumnsSelectedInLayout" Type="ManageLayoutService.ColumnsSelectedInLayout" Multiplicity="*"/>
        <End Role="LayoutInformation" Type="ManageLayoutService.LayoutInformation" Multiplicity="0..1"/>
        <ReferentialConstraint>
          <Principal Role="LayoutInformation">
            <PropertyRef Name="ID"/>
          </Principal>
          <Dependent Role="ColumnsSelectedInLayout">
            <PropertyRef Name="layoutItemId"/>
          </Dependent>
        </ReferentialConstraint>
      </Association>
      <Association Name="ColumnsSelectedInLayout_DraftAdministrativeData">
        <End Role="ColumnsSelectedInLayout" Type="ManageLayoutService.ColumnsSelectedInLayout" Multiplicity="*"/>
        <End Role="DraftAdministrativeData" Type="ManageLayoutService.DraftAdministrativeData" Multiplicity="0..1"/>
        <ReferentialConstraint>
          <Principal Role="DraftAdministrativeData">
            <PropertyRef Name="DraftUUID"/>
          </Principal>
          <Dependent Role="ColumnsSelectedInLayout">
            <PropertyRef Name="DraftAdministrativeData_DraftUUID"/>
          </Dependent>
        </ReferentialConstraint>
      </Association>
      <Association Name="ColumnsSelectedInLayout_SiblingEntity">
        <End Role="ColumnsSelectedInLayout" Type="ManageLayoutService.ColumnsSelectedInLayout" Multiplicity="*"/>
        <End Role="ColumnsSelectedInLayout1" Type="ManageLayoutService.ColumnsSelectedInLayout" Multiplicity="0..1"/>
      </Association>
      <Association Name="LayoutInformation_DraftAdministrativeData">
        <End Role="LayoutInformation" Type="ManageLayoutService.LayoutInformation" Multiplicity="*"/>
        <End Role="DraftAdministrativeData" Type="ManageLayoutService.DraftAdministrativeData" Multiplicity="0..1"/>
        <ReferentialConstraint>
          <Principal Role="DraftAdministrativeData">
            <PropertyRef Name="DraftUUID"/>
          </Principal>
          <Dependent Role="LayoutInformation">
            <PropertyRef Name="DraftAdministrativeData_DraftUUID"/>
          </Dependent>
        </ReferentialConstraint>
      </Association>
      <Association Name="LayoutInformation_SiblingEntity">
        <End Role="LayoutInformation" Type="ManageLayoutService.LayoutInformation" Multiplicity="*"/>
        <End Role="LayoutInformation1" Type="ManageLayoutService.LayoutInformation" Multiplicity="0..1"/>
      </Association>
      <Annotations Target="ManageLayoutService.ColumnsSelectedInLayout" xmlns="http://docs.oasis-open.org/odata/ns/edm">
        <Annotation Term="UI.LineItem" Qualifier="ColumnSelection">
          <Collection>
            <Record Type="UI.DataField">
              <PropertyValue Property="Value" Path="categoryName"/>
            </Record>
            <Record Type="UI.DataField">
              <PropertyValue Property="Value" Path="subCategoryName"/>
            </Record>
            <Record Type="UI.DataField">
              <PropertyValue Property="Value" Path="UOM"/>
            </Record>
            <Record Type="UI.DataField">
              <PropertyValue Property="Value" Path="fixedCoulmn"/>
            </Record>
          </Collection>
        </Annotation>
      </Annotations>
      <Annotations Target="ManageLayoutService.EntityContainer/ColumnsSelectedInLayout" xmlns="http://docs.oasis-open.org/odata/ns/edm">
        <Annotation Term="Capabilities.SearchRestrictions">
          <Record Type="Capabilities.SearchRestrictionsType">
            <PropertyValue Property="Searchable" Bool="false"/>
          </Record>
        </Annotation>
        <Annotation Term="Common.DraftNode">
          <Record Type="Common.DraftNodeType">
            <PropertyValue Property="PreparationAction" String="ManageLayoutService.EntityContainer/ColumnsSelectedInLayout_draftPrepare"/>
          </Record>
        </Annotation>
      </Annotations>
      <Annotations Target="ManageLayoutService.ColumnsSelectedInLayout/categoryName" xmlns="http://docs.oasis-open.org/odata/ns/edm">
        <Annotation Term="Common.Label" String="Category"/>
      </Annotations>
      <Annotations Target="ManageLayoutService.ColumnsSelectedInLayout/subCategoryName" xmlns="http://docs.oasis-open.org/odata/ns/edm">
        <Annotation Term="Common.Label" String="Description"/>
      </Annotations>
      <Annotations Target="ManageLayoutService.ColumnsSelectedInLayout/UOM" xmlns="http://docs.oasis-open.org/odata/ns/edm">
        <Annotation Term="Common.Label" String="UoM"/>
      </Annotations>
      <Annotations Target="ManageLayoutService.ColumnsSelectedInLayout/IsActiveEntity" xmlns="http://docs.oasis-open.org/odata/ns/edm">
        <Annotation Term="UI.Hidden" Bool="true"/>
      </Annotations>
      <Annotations Target="ManageLayoutService.ColumnsSelectedInLayout/HasActiveEntity" xmlns="http://docs.oasis-open.org/odata/ns/edm">
        <Annotation Term="UI.Hidden" Bool="true"/>
      </Annotations>
      <Annotations Target="ManageLayoutService.ColumnsSelectedInLayout/HasDraftEntity" xmlns="http://docs.oasis-open.org/odata/ns/edm">
        <Annotation Term="UI.Hidden" Bool="true"/>
      </Annotations>
      <Annotations Target="ManageLayoutService.ColumnsSelectedInLayout/DraftAdministrativeData_DraftUUID" xmlns="http://docs.oasis-open.org/odata/ns/edm">
        <Annotation Term="UI.Hidden" Bool="true"/>
      </Annotations>
      <Annotations Target="ManageLayoutService.LayoutInformation" xmlns="http://docs.oasis-open.org/odata/ns/edm">
        <Annotation Term="UI.DataPoint" Qualifier="defaultLayout">
          <Record Type="UI.DataPointType">
            <PropertyValue Property="Criticality" Path="defaultFlagCriticality"/>
            <PropertyValue Property="Title" String="Default Layout"/>
            <PropertyValue Property="Value" Path="defaultFlag"/>
          </Record>
        </Annotation>
        <Annotation Term="UI.DataPoint" Qualifier="status">
          <Record Type="UI.DataPointType">
            <PropertyValue Property="Criticality" Path="criticality"/>
            <PropertyValue Property="Title" String="Status"/>
            <PropertyValue Property="Value" Path="status"/>
          </Record>
        </Annotation>
        <Annotation Term="UI.Facets">
          <Collection>
            <Record Type="UI.CollectionFacet">
              <PropertyValue Property="Facets">
                <Collection>
                  <Record Type="UI.CollectionFacet">
                    <PropertyValue Property="Facets">
                      <Collection>
                        <Record Type="UI.ReferenceFacet">
                          <PropertyValue Property="Target" AnnotationPath="@UI.FieldGroup#Description"/>
                        </Record>
                        <Record Type="UI.ReferenceFacet">
                          <PropertyValue Property="Target" AnnotationPath="@UI.FieldGroup#grouptype"/>
                        </Record>
                        <Record Type="UI.ReferenceFacet">
                          <PropertyValue Property="Target" AnnotationPath="@UI.FieldGroup#ReferenceQuantity"/>
                        </Record>
                      </Collection>
                    </PropertyValue>
                  </Record>
                </Collection>
              </PropertyValue>
              <PropertyValue Property="Label" String="Basic Details"/>
            </Record>
            <Record Type="UI.ReferenceFacet">
              <PropertyValue Property="Label" String="Column Selection"/>
              <PropertyValue Property="Target" AnnotationPath="columnsSelectedInLayout/@UI.LineItem#ColumnSelection"/>
            </Record>
          </Collection>
        </Annotation>
        <Annotation Term="UI.FieldGroup" Qualifier="Description">
          <Record Type="UI.FieldGroupType">
            <PropertyValue Property="Data">
              <Collection>
                <Record Type="UI.DataField">
                  <PropertyValue Property="Value" Path="layoutName"/>
                  <PropertyValue Property="Label" String="Name"/>
                </Record>
                <Record Type="UI.DataField">
                  <PropertyValue Property="Value" Path="description"/>
                  <PropertyValue Property="Label" String="Summary"/>
                </Record>
              </Collection>
            </PropertyValue>
          </Record>
        </Annotation>
        <Annotation Term="UI.FieldGroup" Qualifier="ReferenceQuantity">
          <Record Type="UI.FieldGroupType">
            <PropertyValue Property="Data">
              <Collection>
                <Record Type="UI.DataField">
                  <PropertyValue Property="Value" Path="refernceQuanity"/>
                  <PropertyValue Property="Label" String="Reference Quantity"/>
                </Record>
              </Collection>
            </PropertyValue>
          </Record>
        </Annotation>
        <Annotation Term="UI.FieldGroup" Qualifier="Staus">
          <Record Type="UI.FieldGroupType">
            <PropertyValue Property="Data">
              <Collection>
                <Record Type="UI.DataField">
                  <PropertyValue Property="Value" Path="status"/>
                  <PropertyValue Property="Label" String="Status"/>
                </Record>
              </Collection>
            </PropertyValue>
          </Record>
        </Annotation>
        <Annotation Term="UI.FieldGroup" Qualifier="grouptype">
          <Record Type="UI.FieldGroupType">
            <PropertyValue Property="Data">
              <Collection>
                <Record Type="UI.DataField">
                  <PropertyValue Property="Value" Path="layoutType"/>
                  <PropertyValue Property="Label" String="Type"/>
                </Record>
              </Collection>
            </PropertyValue>
          </Record>
        </Annotation>
        <Annotation Term="UI.HeaderFacets">
          <Collection>
            <Record Type="UI.ReferenceFacet">
              <PropertyValue Property="Target" AnnotationPath="@UI.DataPoint#status"/>
              <PropertyValue Property="Label" String="Status"/>
            </Record>
            <Record Type="UI.ReferenceFacet">
              <PropertyValue Property="Target" AnnotationPath="@UI.DataPoint#defaultLayout"/>
              <PropertyValue Property="Label" String="Default Layout"/>
            </Record>
          </Collection>
        </Annotation>
        <Annotation Term="UI.HeaderInfo">
          <Record Type="UI.HeaderInfoType">
            <PropertyValue Property="Description">
              <Record Type="UI.DataField">
                <PropertyValue Property="Value" Path="layoutName"/>
              </Record>
            </PropertyValue>
            <PropertyValue Property="Title">
              <Record Type="UI.DataField">
                <PropertyValue Property="Value" Path="ID"/>
              </Record>
            </PropertyValue>
          </Record>
        </Annotation>
        <Annotation Term="UI.LineItem">
          <Collection>
            <Record Type="UI.DataField">
              <PropertyValue Property="Value" Path="layoutName"/>
              <PropertyValue Property="Label" String="Layout"/>
            </Record>
            <Record Type="UI.DataField">
              <PropertyValue Property="Value" Path="defaultFlag"/>
              <PropertyValue Property="Label" String="Default Layout"/>
            </Record>
            <Record Type="UI.DataField">
              <PropertyValue Property="Value" Path="createdBy"/>
            </Record>
            <Record Type="UI.DataField">
              <PropertyValue Property="Value" Path="createdAt"/>
            </Record>
            <Record Type="UI.DataField">
              <PropertyValue Property="Value" Path="modifiedBy"/>
            </Record>
            <Record Type="UI.DataField">
              <PropertyValue Property="Value" Path="modifiedAt"/>
            </Record>
          </Collection>
        </Annotation>
        <Annotation Term="UI.SelectionFields">
          <Collection>
            <PropertyPath>layoutName</PropertyPath>
            <PropertyPath>status</PropertyPath>
            <PropertyPath>createdBy</PropertyPath>
            <PropertyPath>modifiedBy</PropertyPath>
          </Collection>
        </Annotation>
      </Annotations>
      <Annotations Target="ManageLayoutService.EntityContainer/LayoutInformation" xmlns="http://docs.oasis-open.org/odata/ns/edm">
        <Annotation Term="Common.DraftRoot">
          <Record Type="Common.DraftRootType">
            <PropertyValue Property="ActivationAction" String="ManageLayoutService.EntityContainer/LayoutInformation_draftActivate"/>
            <PropertyValue Property="EditAction" String="ManageLayoutService.EntityContainer/LayoutInformation_draftEdit"/>
            <PropertyValue Property="PreparationAction" String="ManageLayoutService.EntityContainer/LayoutInformation_draftPrepare"/>
          </Record>
        </Annotation>
      </Annotations>
      <Annotations Target="ManageLayoutService.LayoutInformation/createdAt" xmlns="http://docs.oasis-open.org/odata/ns/edm">
        <Annotation Term="Common.Label" String="Angelegt am"/>
        <Annotation Term="Core.Computed" Bool="true"/>
        <Annotation Term="Core.Immutable" Bool="true"/>
        <Annotation Term="UI.HiddenFilter" Bool="true"/>
      </Annotations>
      <Annotations Target="ManageLayoutService.LayoutInformation/createdBy" xmlns="http://docs.oasis-open.org/odata/ns/edm">
        <Annotation Term="Common.Label" String="Angelegt von"/>
        <Annotation Term="Core.Computed" Bool="true"/>
        <Annotation Term="Core.Description" String="Die eindeutige ID eines Benutzers"/>
        <Annotation Term="Core.Immutable" Bool="true"/>
        <Annotation Term="UI.HiddenFilter" Bool="true"/>
      </Annotations>
      <Annotations Target="ManageLayoutService.LayoutInformation/modifiedAt" xmlns="http://docs.oasis-open.org/odata/ns/edm">
        <Annotation Term="Common.Label" String="Geändert am"/>
        <Annotation Term="Core.Computed" Bool="true"/>
        <Annotation Term="UI.HiddenFilter" Bool="true"/>
      </Annotations>
      <Annotations Target="ManageLayoutService.LayoutInformation/modifiedBy" xmlns="http://docs.oasis-open.org/odata/ns/edm">
        <Annotation Term="Common.Label" String="Geändert von"/>
        <Annotation Term="Core.Computed" Bool="true"/>
        <Annotation Term="Core.Description" String="Die eindeutige ID eines Benutzers"/>
        <Annotation Term="UI.HiddenFilter" Bool="true"/>
      </Annotations>
      <Annotations Target="ManageLayoutService.LayoutInformation/layoutName" xmlns="http://docs.oasis-open.org/odata/ns/edm">
        <Annotation Term="Common.FieldControl" EnumMember="Common.FieldControlType/Mandatory"/>
      </Annotations>
      <Annotations Target="ManageLayoutService.LayoutInformation/description" xmlns="http://docs.oasis-open.org/odata/ns/edm">
        <Annotation Term="Common.label" String="Summary"/>
        <Annotation Term="UI.MultiLineText" Bool="true"/>
      </Annotations>
      <Annotations Target="ManageLayoutService.LayoutInformation/layoutType" xmlns="http://docs.oasis-open.org/odata/ns/edm">
        <Annotation Term="Common.ValueList">
          <Record Type="Common.ValueListType">
            <PropertyValue Property="CollectionPath" String="LayoutType"/>
            <PropertyValue Property="Parameters">
              <Collection>
                <Record Type="Common.ValueListParameterInOut">
                  <PropertyValue Property="LocalDataProperty" PropertyPath="layoutType"/>
                  <PropertyValue Property="ValueListProperty" String="typeName"/>
                </Record>
                <Record Type="Common.ValueListParameterDisplayOnly">
                  <PropertyValue Property="ValueListProperty" String="typeName"/>
                </Record>
              </Collection>
            </PropertyValue>
            <PropertyValue Property="SearchSupported" Bool="true"/>
          </Record>
        </Annotation>
        <Annotation Term="Common.ValueListWithFixedValues" Bool="true"/>
        <Annotation Term="Common.label" String="Summary"/>
      </Annotations>
      <Annotations Target="ManageLayoutService.LayoutInformation/refernceQuanity" xmlns="http://docs.oasis-open.org/odata/ns/edm">
        <Annotation Term="Common.label" String="Summary"/>
      </Annotations>
      <Annotations Target="ManageLayoutService.LayoutInformation/UOM" xmlns="http://docs.oasis-open.org/odata/ns/edm">
        <Annotation Term="Common.Text" Path="refernceQuanity"/>
        <Annotation Term="Common.ValueList">
          <Record Type="Common.ValueListType">
            <PropertyValue Property="CollectionPath" String="UOM"/>
            <PropertyValue Property="Parameters">
              <Collection>
                <Record Type="Common.ValueListParameterIn">
                  <PropertyValue Property="LocalDataProperty" PropertyPath="UOM"/>
                  <PropertyValue Property="ValueListProperty" String="Description"/>
                </Record>
                <Record Type="Common.ValueListParameterDisplayOnly">
                  <PropertyValue Property="ValueListProperty" String="Description"/>
                </Record>
                <Record Type="Common.ValueListParameterOut">
                  <PropertyValue Property="LocalDataProperty" PropertyPath="UOM"/>
                  <PropertyValue Property="ValueListProperty" String="ID"/>
                </Record>
              </Collection>
            </PropertyValue>
            <PropertyValue Property="SearchSupported" Bool="true"/>
          </Record>
        </Annotation>
        <Annotation Term="Common.label" String="UoM"/>
      </Annotations>
      <Annotations Target="ManageLayoutService.LayoutInformation/IsActiveEntity" xmlns="http://docs.oasis-open.org/odata/ns/edm">
        <Annotation Term="UI.Hidden" Bool="true"/>
      </Annotations>
      <Annotations Target="ManageLayoutService.LayoutInformation/HasActiveEntity" xmlns="http://docs.oasis-open.org/odata/ns/edm">
        <Annotation Term="UI.Hidden" Bool="true"/>
      </Annotations>
      <Annotations Target="ManageLayoutService.LayoutInformation/HasDraftEntity" xmlns="http://docs.oasis-open.org/odata/ns/edm">
        <Annotation Term="UI.Hidden" Bool="true"/>
      </Annotations>
      <Annotations Target="ManageLayoutService.LayoutInformation/DraftAdministrativeData_DraftUUID" xmlns="http://docs.oasis-open.org/odata/ns/edm">
        <Annotation Term="UI.Hidden" Bool="true"/>
      </Annotations>
    </Schema>
  </edmx:DataServices>
</edmx:Edmx>