<?xml version="1.0" encoding="utf-8"?>
<edmx:Edmx Version="1.0" xmlns:edmx="http://schemas.microsoft.com/ado/2007/06/edmx" xmlns:m="http://schemas.microsoft.com/ado/2007/08/dataservices/metadata" xmlns:sap="http://www.sap.com/Protocols/SAPData">
  <edmx:Reference Uri="https://sap.github.io/odata-vocabularies/vocabularies/Common.xml" xmlns:edmx="http://docs.oasis-open.org/odata/ns/edmx">
    <edmx:Include Alias="Common" Namespace="com.sap.vocabularies.Common.v1"/>
  </edmx:Reference>
  <edmx:Reference Uri="https://oasis-tcs.github.io/odata-vocabularies/vocabularies/Org.OData.Core.V1.xml" xmlns:edmx="http://docs.oasis-open.org/odata/ns/edmx">
    <edmx:Include Alias="Core" Namespace="Org.OData.Core.V1"/>
  </edmx:Reference>
  <edmx:Reference Uri="https://sap.github.io/odata-vocabularies/vocabularies/UI.xml" xmlns:edmx="http://docs.oasis-open.org/odata/ns/edmx">
    <edmx:Include Alias="UI" Namespace="com.sap.vocabularies.UI.v1"/>
  </edmx:Reference>
  <edmx:DataServices m:DataServiceVersion="2.0">
    <Schema Namespace="RecipeService" xmlns="http://schemas.microsoft.com/ado/2008/09/edm">
      <EntityContainer Name="EntityContainer" m:IsDefaultEntityContainer="true">
        <EntitySet Name="ComponentType" EntityType="RecipeService.ComponentType"/>
        <EntitySet Name="DraftAdministrativeData" EntityType="RecipeService.DraftAdministrativeData"/>
        <EntitySet Name="Recipe" EntityType="RecipeService.Recipe"/>
        <FunctionImport Name="Recipe_draftPrepare" EntitySet="Recipe" ReturnType="RecipeService.Recipe" m:HttpMethod="POST" sap:action-for="RecipeService.Recipe">
          <Parameter Name="recipeID" Type="Edm.Guid" Nullable="false" Mode="In"/>
          <Parameter Name="IsActiveEntity" Type="Edm.Boolean" Nullable="false" Mode="In"/>
          <Parameter Name="SideEffectsQualifier" Type="Edm.String" Mode="In" Nullable="true"/>
        </FunctionImport>
        <FunctionImport Name="Recipe_draftActivate" EntitySet="Recipe" ReturnType="RecipeService.Recipe" m:HttpMethod="POST" sap:action-for="RecipeService.Recipe">
          <Parameter Name="recipeID" Type="Edm.Guid" Nullable="false" Mode="In"/>
          <Parameter Name="IsActiveEntity" Type="Edm.Boolean" Nullable="false" Mode="In"/>
        </FunctionImport>
        <FunctionImport Name="Recipe_draftEdit" EntitySet="Recipe" ReturnType="RecipeService.Recipe" m:HttpMethod="POST" sap:action-for="RecipeService.Recipe">
          <Parameter Name="recipeID" Type="Edm.Guid" Nullable="false" Mode="In"/>
          <Parameter Name="IsActiveEntity" Type="Edm.Boolean" Nullable="false" Mode="In"/>
          <Parameter Name="PreserveChanges" Type="Edm.Boolean" Mode="In" Nullable="true"/>
        </FunctionImport>
        <EntitySet Name="RecipeSpecification" EntityType="RecipeService.RecipeSpecification"/>
        <FunctionImport Name="RecipeSpecification_draftPrepare" EntitySet="RecipeSpecification" ReturnType="RecipeService.RecipeSpecification" m:HttpMethod="POST" sap:action-for="RecipeService.RecipeSpecification">
          <Parameter Name="ID" Type="Edm.Guid" Nullable="false" Mode="In"/>
          <Parameter Name="IsActiveEntity" Type="Edm.Boolean" Nullable="false" Mode="In"/>
          <Parameter Name="SideEffectsQualifier" Type="Edm.String" Mode="In" Nullable="true"/>
        </FunctionImport>
        <EntitySet Name="RecipeStatus" EntityType="RecipeService.RecipeStatus"/>
        <EntitySet Name="RecipeType" EntityType="RecipeService.RecipeType"/>
        <EntitySet Name="Specification" EntityType="RecipeService.Specification"/>
        <EntitySet Name="Subcategory" EntityType="RecipeService.Subcategory"/>
        <EntitySet Name="UOM" EntityType="RecipeService.UOM"/>
        <FunctionImport Name="addRecipeSpecification" ReturnType="Edm.String" m:HttpMethod="GET">
          <Parameter Name="recipeID" Type="Edm.String" Mode="In" Nullable="true"/>
        </FunctionImport>
        <FunctionImport Name="addSpecification" ReturnType="Edm.String" m:HttpMethod="GET">
          <Parameter Name="recipeID" Type="Edm.String" Mode="In" Nullable="true"/>
          <Parameter Name="specificationID" Type="Edm.String" Mode="In" Nullable="true"/>
          <Parameter Name="itemNumber" Type="Edm.Int32" Mode="In" Nullable="true"/>
          <Parameter Name="nextItemNumber" Type="Edm.Int32" Mode="In" Nullable="true"/>
        </FunctionImport>
        <FunctionImport Name="componentTypeChange" ReturnType="Edm.String" m:HttpMethod="GET">
          <Parameter Name="quantity" Type="Edm.Double" Mode="In" Nullable="true"/>
          <Parameter Name="ID" Type="Edm.String" Mode="In" Nullable="true"/>
        </FunctionImport>
        <FunctionImport Name="componentTypeDropdown" ReturnType="Edm.String" m:HttpMethod="GET">
          <Parameter Name="DESCRIPTION" Type="Edm.String" Mode="In" Nullable="true"/>
          <Parameter Name="ITEM" Type="Edm.String" Mode="In" Nullable="true"/>
        </FunctionImport>
        <FunctionImport Name="formulaQuantityCalculation" ReturnType="Edm.String" m:HttpMethod="GET">
          <Parameter Name="recipeID" Type="Edm.String" Mode="In" Nullable="true"/>
        </FunctionImport>
        <FunctionImport Name="recipeStatusSave" ReturnType="Edm.String" m:HttpMethod="GET">
          <Parameter Name="recipeID" Type="Edm.String" Mode="In" Nullable="true"/>
          <Parameter Name="recipeSTATUS" Type="Edm.String" Mode="In" Nullable="true"/>
        </FunctionImport>
        <FunctionImport Name="updateDraftSpecificationValues" ReturnType="Edm.String" m:HttpMethod="GET">
          <Parameter Name="ID" Type="Edm.String" Mode="In" Nullable="true"/>
          <Parameter Name="UOM" Type="Edm.String" Mode="In" Nullable="true"/>
          <Parameter Name="quantity" Type="Edm.Double" Mode="In" Nullable="true"/>
          <Parameter Name="componentType" Type="Edm.String" Mode="In" Nullable="true"/>
        </FunctionImport>
        <AssociationSet Name="Recipe_DraftAdministrativeData" Association="RecipeService.Recipe_DraftAdministrativeData">
          <End Role="Recipe" EntitySet="Recipe"/>
          <End Role="DraftAdministrativeData" EntitySet="DraftAdministrativeData"/>
        </AssociationSet>
        <AssociationSet Name="Recipe_SiblingEntity" Association="RecipeService.Recipe_SiblingEntity">
          <End Role="Recipe" EntitySet="Recipe"/>
          <End Role="Recipe1" EntitySet="Recipe"/>
        </AssociationSet>
        <AssociationSet Name="RecipeSpecification_RecipeSpecification" Association="RecipeService.RecipeSpecification_RecipeSpecification">
          <End Role="RecipeSpecification" EntitySet="RecipeSpecification"/>
          <End Role="Recipe" EntitySet="Recipe"/>
        </AssociationSet>
        <AssociationSet Name="RecipeSpecification_DraftAdministrativeData" Association="RecipeService.RecipeSpecification_DraftAdministrativeData">
          <End Role="RecipeSpecification" EntitySet="RecipeSpecification"/>
          <End Role="DraftAdministrativeData" EntitySet="DraftAdministrativeData"/>
        </AssociationSet>
        <AssociationSet Name="RecipeSpecification_SiblingEntity" Association="RecipeService.RecipeSpecification_SiblingEntity">
          <End Role="RecipeSpecification" EntitySet="RecipeSpecification"/>
          <End Role="RecipeSpecification1" EntitySet="RecipeSpecification"/>
        </AssociationSet>
      </EntityContainer>
      <EntityType Name="ComponentType">
        <Key>
          <PropertyRef Name="ID"/>
        </Key>
        <Property Name="ID" Type="Edm.String" Nullable="false"/>
        <Property Name="item" Type="Edm.String"/>
        <Property Name="description" Type="Edm.String"/>
      </EntityType>
      <EntityType Name="DraftAdministrativeData">
        <Key>
          <PropertyRef Name="DraftUUID"/>
        </Key>
        <Property Name="DraftUUID" Type="Edm.Guid" Nullable="false"/>
        <Property Name="CreationDateTime" Type="Edm.DateTimeOffset" Precision="7"/>
        <Property Name="CreatedByUser" Type="Edm.String" MaxLength="256"/>
        <Property Name="DraftIsCreatedByMe" Type="Edm.Boolean"/>
        <Property Name="LastChangeDateTime" Type="Edm.DateTimeOffset" Precision="7"/>
        <Property Name="LastChangedByUser" Type="Edm.String" MaxLength="256"/>
        <Property Name="InProcessByUser" Type="Edm.String" MaxLength="256"/>
        <Property Name="DraftIsProcessedByMe" Type="Edm.Boolean"/>
      </EntityType>
      <EntityType Name="Recipe">
        <Key>
          <PropertyRef Name="recipeID"/>
          <PropertyRef Name="IsActiveEntity"/>
        </Key>
        <Property Name="createdAt" Type="Edm.DateTimeOffset" Precision="7"/>
        <Property Name="createdBy" Type="Edm.String" MaxLength="255"/>
        <Property Name="modifiedAt" Type="Edm.DateTimeOffset" Precision="7"/>
        <Property Name="modifiedBy" Type="Edm.String" MaxLength="255"/>
        <Property Name="recipeID" Type="Edm.Guid" Nullable="false"/>
        <Property Name="recipeNAME" Type="Edm.String"/>
        <Property Name="recipeDESCRIPTION" Type="Edm.String"/>
        <Property Name="recipeSTATUS" Type="Edm.String"/>
        <Property Name="recipeTYPE" Type="Edm.String"/>
        <Property Name="VALID_TO" Type="Edm.DateTime" sap:filter-restriction="interval" sap:display-format="Date"/>
        <Property Name="VALID_FROM" Type="Edm.DateTime" sap:filter-restriction="interval" sap:display-format="Date"/>
        <Property Name="evaluationID" Type="Edm.Guid"/>
        <Property Name="evaluationName" Type="Edm.String"/>
        <Property Name="nextRecipeStatus" Type="Edm.String"/>
        <Property Name="criticality" Type="Edm.String"/>
        <Property Name="UseLimitsOfevaluationSheet" Type="Edm.String"/>
        <NavigationProperty Name="recipe" Relationship="RecipeService.RecipeSpecification_RecipeSpecification" FromRole="Recipe" ToRole="RecipeSpecification"/>
        <Property Name="IsActiveEntity" Type="Edm.Boolean" Nullable="false"/>
        <Property Name="HasActiveEntity" Type="Edm.Boolean" Nullable="false"/>
        <Property Name="HasDraftEntity" Type="Edm.Boolean" Nullable="false"/>
        <NavigationProperty Name="DraftAdministrativeData" Relationship="RecipeService.Recipe_DraftAdministrativeData" FromRole="Recipe" ToRole="DraftAdministrativeData"/>
        <Property Name="DraftAdministrativeData_DraftUUID" Type="Edm.Guid"/>
        <NavigationProperty Name="SiblingEntity" Relationship="RecipeService.Recipe_SiblingEntity" FromRole="Recipe" ToRole="Recipe1"/>
      </EntityType>
      <EntityType Name="RecipeSpecification">
        <Key>
          <PropertyRef Name="ID"/>
          <PropertyRef Name="IsActiveEntity"/>
        </Key>
        <Property Name="ID" Type="Edm.Guid" Nullable="false"/>
        <Property Name="recipeID" Type="Edm.Guid"/>
        <Property Name="specificationID" Type="Edm.String"/>
        <Property Name="specificationDescription" Type="Edm.String"/>
        <Property Name="formulaItemDescription" Type="Edm.String"/>
        <Property Name="density" Type="Edm.Double"/>
        <Property Name="piecetoMass" Type="Edm.Double"/>
        <Property Name="quantity" Type="Edm.Double"/>
        <Property Name="UOM" Type="Edm.String"/>
        <Property Name="componentType" Type="Edm.String"/>
        <Property Name="itemNumber" Type="Edm.Int32"/>
        <Property Name="nextItemNumber" Type="Edm.Int32"/>
        <NavigationProperty Name="RecipeSpecification" Relationship="RecipeService.RecipeSpecification_RecipeSpecification" FromRole="RecipeSpecification" ToRole="Recipe"/>
        <Property Name="IsActiveEntity" Type="Edm.Boolean" Nullable="false"/>
        <Property Name="HasActiveEntity" Type="Edm.Boolean" Nullable="false"/>
        <Property Name="HasDraftEntity" Type="Edm.Boolean" Nullable="false"/>
        <NavigationProperty Name="DraftAdministrativeData" Relationship="RecipeService.RecipeSpecification_DraftAdministrativeData" FromRole="RecipeSpecification" ToRole="DraftAdministrativeData"/>
        <Property Name="DraftAdministrativeData_DraftUUID" Type="Edm.Guid"/>
        <NavigationProperty Name="SiblingEntity" Relationship="RecipeService.RecipeSpecification_SiblingEntity" FromRole="RecipeSpecification" ToRole="RecipeSpecification1"/>
      </EntityType>
      <EntityType Name="RecipeStatus">
        <Key>
          <PropertyRef Name="ID"/>
        </Key>
        <Property Name="ID" Type="Edm.Int32" Nullable="false"/>
        <Property Name="STATUS" Type="Edm.String"/>
        <Property Name="nextStatus" Type="Edm.String"/>
      </EntityType>
      <EntityType Name="RecipeType">
        <Key>
          <PropertyRef Name="ID"/>
        </Key>
        <Property Name="ID" Type="Edm.String" Nullable="false"/>
        <Property Name="description" Type="Edm.String"/>
      </EntityType>
      <EntityType Name="Specification">
        <Key>
          <PropertyRef Name="specificationID"/>
        </Key>
        <Property Name="specificationID" Type="Edm.String" Nullable="false"/>
        <Property Name="specificationDescription" Type="Edm.String"/>
        <Property Name="formulaItemDescription" Type="Edm.String"/>
        <Property Name="density" Type="Edm.Double"/>
        <Property Name="createdBY" Type="Edm.String"/>
        <Property Name="specType" Type="Edm.String"/>
      </EntityType>
      <EntityType Name="Subcategory">
        <Key>
          <PropertyRef Name="ID"/>
        </Key>
        <Property Name="ID" Type="Edm.Int32" Nullable="false"/>
        <Property Name="categoryId" Type="Edm.Int32"/>
        <Property Name="subCategoryName" Type="Edm.String"/>
      </EntityType>
      <EntityType Name="UOM">
        <Key>
          <PropertyRef Name="Id"/>
        </Key>
        <Property Name="Id" Type="Edm.String" Nullable="false"/>
        <Property Name="description" Type="Edm.String"/>
      </EntityType>
      <Association Name="Recipe_DraftAdministrativeData">
        <End Role="Recipe" Type="RecipeService.Recipe" Multiplicity="*"/>
        <End Role="DraftAdministrativeData" Type="RecipeService.DraftAdministrativeData" Multiplicity="0..1"/>
        <ReferentialConstraint>
          <Principal Role="DraftAdministrativeData">
            <PropertyRef Name="DraftUUID"/>
          </Principal>
          <Dependent Role="Recipe">
            <PropertyRef Name="DraftAdministrativeData_DraftUUID"/>
          </Dependent>
        </ReferentialConstraint>
      </Association>
      <Association Name="Recipe_SiblingEntity">
        <End Role="Recipe" Type="RecipeService.Recipe" Multiplicity="*"/>
        <End Role="Recipe1" Type="RecipeService.Recipe" Multiplicity="0..1"/>
      </Association>
      <Association Name="RecipeSpecification_RecipeSpecification">
        <End Role="RecipeSpecification" Type="RecipeService.RecipeSpecification" Multiplicity="*">
          <OnDelete Action="Cascade"/>
        </End>
        <End Role="Recipe" Type="RecipeService.Recipe" Multiplicity="0..1"/>
        <ReferentialConstraint>
          <Principal Role="Recipe">
            <PropertyRef Name="recipeID"/>
          </Principal>
          <Dependent Role="RecipeSpecification">
            <PropertyRef Name="recipeID"/>
          </Dependent>
        </ReferentialConstraint>
      </Association>
      <Association Name="RecipeSpecification_DraftAdministrativeData">
        <End Role="RecipeSpecification" Type="RecipeService.RecipeSpecification" Multiplicity="*"/>
        <End Role="DraftAdministrativeData" Type="RecipeService.DraftAdministrativeData" Multiplicity="0..1"/>
        <ReferentialConstraint>
          <Principal Role="DraftAdministrativeData">
            <PropertyRef Name="DraftUUID"/>
          </Principal>
          <Dependent Role="RecipeSpecification">
            <PropertyRef Name="DraftAdministrativeData_DraftUUID"/>
          </Dependent>
        </ReferentialConstraint>
      </Association>
      <Association Name="RecipeSpecification_SiblingEntity">
        <End Role="RecipeSpecification" Type="RecipeService.RecipeSpecification" Multiplicity="*"/>
        <End Role="RecipeSpecification1" Type="RecipeService.RecipeSpecification" Multiplicity="0..1"/>
      </Association>
      <Annotations Target="RecipeService.Recipe" xmlns="http://docs.oasis-open.org/odata/ns/edm">
        <Annotation Term="UI.DataPoint" Qualifier="status">
          <Record Type="UI.DataPointType">
            <PropertyValue Property="Criticality" Path="criticality"/>
            <PropertyValue Property="Title" String="Evaluation Status"/>
            <PropertyValue Property="Value" Path="recipeSTATUS"/>
          </Record>
        </Annotation>
        <Annotation Term="UI.Facets">
          <Collection>
            <Record Type="UI.ReferenceFacet">
              <PropertyValue Property="Facets">
                <Collection>
                  <Record Type="UI.ReferenceFacet"/>
                </Collection>
              </PropertyValue>
              <PropertyValue Property="Label" String="Recipe Formula"/>
              <PropertyValue Property="ID" String="1"/>
            </Record>
          </Collection>
        </Annotation>
        <Annotation Term="UI.FieldGroup" Qualifier="EvaluationSheetInfo">
          <Record Type="UI.FieldGroupType">
            <PropertyValue Property="Data">
              <Collection>
                <Record Type="UI.DataField">
                  <PropertyValue Property="Value" Path="UseLimitsOfevaluationSheet"/>
                  <PropertyValue Property="Label" String="Assigned to Evaluation Sheet"/>
                </Record>
              </Collection>
            </PropertyValue>
          </Record>
        </Annotation>
        <Annotation Term="UI.FieldGroup" Qualifier="StatusInfo">
          <Record Type="UI.FieldGroupType">
            <PropertyValue Property="Data">
              <Collection>
                <Record Type="UI.DataField">
                  <PropertyValue Property="Value" Path="recipeSTATUS"/>
                  <PropertyValue Property="Criticality" Path="criticality"/>
                </Record>
              </Collection>
            </PropertyValue>
          </Record>
        </Annotation>
        <Annotation Term="UI.FieldGroup" Qualifier="descriptionField">
          <Record Type="UI.FieldGroupType">
            <PropertyValue Property="Data">
              <Collection>
                <Record Type="UI.DataField">
                  <PropertyValue Property="Value" Path="recipeDESCRIPTION"/>
                </Record>
              </Collection>
            </PropertyValue>
          </Record>
        </Annotation>
        <Annotation Term="UI.FieldGroup" Qualifier="recipeDetails">
          <Record Type="UI.FieldGroupType">
            <PropertyValue Property="Data">
              <Collection>
                <Record Type="UI.DataField">
                  <PropertyValue Property="Value" Path="recipeID"/>
                </Record>
                <Record Type="UI.DataField">
                  <PropertyValue Property="Value" Path="recipeDESCRIPTION"/>
                </Record>
              </Collection>
            </PropertyValue>
          </Record>
        </Annotation>
        <Annotation Term="UI.FieldGroup" Qualifier="typeanddate">
          <Record Type="UI.FieldGroupType">
            <PropertyValue Property="Data">
              <Collection>
                <Record Type="UI.DataField">
                  <PropertyValue Property="Value" Path="recipeTYPE"/>
                </Record>
                <Record Type="UI.DataField">
                  <PropertyValue Property="Value" Path="VALID_FROM"/>
                </Record>
                <Record Type="UI.DataField">
                  <PropertyValue Property="Value" Path="VALID_TO"/>
                </Record>
              </Collection>
            </PropertyValue>
          </Record>
        </Annotation>
        <Annotation Term="UI.HeaderFacets">
          <Collection>
            <Record Type="UI.ReferenceFacet">
              <PropertyValue Property="Target" AnnotationPath="@UI.FieldGroup#descriptionField"/>
              <PropertyValue Property="position" Int="50"/>
            </Record>
            <Record Type="UI.ReferenceFacet">
              <PropertyValue Property="Target" AnnotationPath="@UI.FieldGroup#typeanddate"/>
              <PropertyValue Property="position" Int="50"/>
            </Record>
            <Record Type="UI.ReferenceFacet">
              <PropertyValue Property="Target" AnnotationPath="@UI.FieldGroup#EvaluationSheetInfo"/>
              <PropertyValue Property="position" Int="50"/>
            </Record>
            <Record Type="UI.ReferenceFacet">
              <PropertyValue Property="Target" AnnotationPath="@UI.DataPoint#status"/>
              <PropertyValue Property="position" Int="50"/>
            </Record>
          </Collection>
        </Annotation>
        <Annotation Term="UI.HeaderInfo">
          <Record Type="UI.HeaderInfoType">
            <PropertyValue Property="Description">
              <Record Type="UI.DataField">
                <PropertyValue Property="Value" Path="recipeDESCRIPTION"/>
              </Record>
            </PropertyValue>
            <PropertyValue Property="Title">
              <Record Type="UI.DataField">
                <PropertyValue Property="Value" Path="recipeID"/>
              </Record>
            </PropertyValue>
            <PropertyValue Property="TypeName" String="Recipe"/>
            <PropertyValue Property="TypeNamePlural" String="Recipes"/>
          </Record>
        </Annotation>
        <Annotation Term="UI.Identification">
          <Collection>
            <Record Type="UI.DataFieldForAction">
              <PropertyValue Property="Action" String=""/>
            </Record>
          </Collection>
        </Annotation>
        <Annotation Term="UI.LineItem">
          <Collection>
            <Record Type="UI.DataFieldForAnnotation">
              <PropertyValue Property="Target" AnnotationPath="@UI.FieldGroup#recipeDetails"/>
              <PropertyValue Property="Label" String="Recipe"/>
            </Record>
            <Record Type="UI.DataField">
              <PropertyValue Property="Value" Path="recipeTYPE"/>
            </Record>
            <Record Type="UI.DataField">
              <PropertyValue Property="Value" Path="createdBy"/>
              <PropertyValue Property="Label" String="Created By"/>
            </Record>
            <Record Type="UI.DataField">
              <PropertyValue Property="Value" Path="VALID_FROM"/>
            </Record>
            <Record Type="UI.DataField">
              <PropertyValue Property="Value" Path="VALID_TO"/>
            </Record>
            <Record Type="UI.DataField">
              <PropertyValue Property="Value" Path="recipeSTATUS"/>
              <PropertyValue Property="Criticality" Path="criticality"/>
            </Record>
          </Collection>
        </Annotation>
        <Annotation Term="UI.SelectionFields">
          <Collection>
            <PropertyPath>recipeID</PropertyPath>
            <PropertyPath>recipeDESCRIPTION</PropertyPath>
            <PropertyPath>recipeSTATUS</PropertyPath>
            <PropertyPath>VALID_FROM</PropertyPath>
            <PropertyPath>VALID_TO</PropertyPath>
          </Collection>
        </Annotation>
      </Annotations>
      <Annotations Target="RecipeService.EntityContainer/Recipe" xmlns="http://docs.oasis-open.org/odata/ns/edm">
        <Annotation Term="Common.DraftRoot">
          <Record Type="Common.DraftRootType">
            <PropertyValue Property="ActivationAction" String="RecipeService.EntityContainer/Recipe_draftActivate"/>
            <PropertyValue Property="EditAction" String="RecipeService.EntityContainer/Recipe_draftEdit"/>
            <PropertyValue Property="PreparationAction" String="RecipeService.EntityContainer/Recipe_draftPrepare"/>
          </Record>
        </Annotation>
      </Annotations>
      <Annotations Target="RecipeService.Recipe/createdAt" xmlns="http://docs.oasis-open.org/odata/ns/edm">
        <Annotation Term="Common.Label" String="Created At"/>
        <Annotation Term="Core.Computed" Bool="true"/>
        <Annotation Term="Core.Immutable" Bool="true"/>
        <Annotation Term="UI.HiddenFilter" Bool="true"/>
      </Annotations>
      <Annotations Target="RecipeService.Recipe/createdBy" xmlns="http://docs.oasis-open.org/odata/ns/edm">
        <Annotation Term="Common.Label" String="Created By"/>
        <Annotation Term="Core.Computed" Bool="true"/>
        <Annotation Term="Core.Description" String="A user's unique ID"/>
        <Annotation Term="Core.Immutable" Bool="true"/>
        <Annotation Term="UI.HiddenFilter" Bool="true"/>
      </Annotations>
      <Annotations Target="RecipeService.Recipe/modifiedAt" xmlns="http://docs.oasis-open.org/odata/ns/edm">
        <Annotation Term="Common.Label" String="Changed At"/>
        <Annotation Term="Core.Computed" Bool="true"/>
        <Annotation Term="UI.HiddenFilter" Bool="true"/>
      </Annotations>
      <Annotations Target="RecipeService.Recipe/modifiedBy" xmlns="http://docs.oasis-open.org/odata/ns/edm">
        <Annotation Term="Common.Label" String="Changed By"/>
        <Annotation Term="Core.Computed" Bool="true"/>
        <Annotation Term="Core.Description" String="A user's unique ID"/>
        <Annotation Term="UI.HiddenFilter" Bool="true"/>
      </Annotations>
      <Annotations Target="RecipeService.Recipe/recipeID" xmlns="http://docs.oasis-open.org/odata/ns/edm">
        <Annotation Term="Common.Label" String="Recipe ID"/>
      </Annotations>
      <Annotations Target="RecipeService.Recipe/recipeDESCRIPTION" xmlns="http://docs.oasis-open.org/odata/ns/edm">
        <Annotation Term="Common.FieldControl" EnumMember="Common.FieldControlType/Mandatory"/>
        <Annotation Term="Common.Label" String="Description"/>
      </Annotations>
      <Annotations Target="RecipeService.Recipe/recipeSTATUS" xmlns="http://docs.oasis-open.org/odata/ns/edm">
        <Annotation Term="Common.Label" String="Status"/>
      </Annotations>
      <Annotations Target="RecipeService.Recipe/recipeTYPE" xmlns="http://docs.oasis-open.org/odata/ns/edm">
        <Annotation Term="Common.Label" String="Type"/>
        <Annotation Term="Common.ValueList">
          <Record Type="Common.ValueListType">
            <PropertyValue Property="CollectionPath" String="RecipeType"/>
            <PropertyValue Property="Label" String="Type"/>
            <PropertyValue Property="Parameters">
              <Collection>
                <Record Type="Common.ValueListParameterOut">
                  <PropertyValue Property="LocalDataProperty" PropertyPath="recipeTYPE"/>
                  <PropertyValue Property="ValueListProperty" String="Description"/>
                </Record>
              </Collection>
            </PropertyValue>
            <PropertyValue Property="SearchSupported" Bool="false"/>
          </Record>
        </Annotation>
        <Annotation Term="Common.ValueListWithFixedValues" Bool="true"/>
      </Annotations>
      <Annotations Target="RecipeService.Recipe/VALID_TO" xmlns="http://docs.oasis-open.org/odata/ns/edm">
        <Annotation Term="Common.Label" String="Valid To"/>
      </Annotations>
      <Annotations Target="RecipeService.Recipe/VALID_FROM" xmlns="http://docs.oasis-open.org/odata/ns/edm">
        <Annotation Term="Common.Label" String="Valid From"/>
      </Annotations>
      <Annotations Target="RecipeService.Recipe/evaluationID" xmlns="http://docs.oasis-open.org/odata/ns/edm">
        <Annotation Term="Common.Label" String="Evaluation Sheet ID"/>
      </Annotations>
      <Annotations Target="RecipeService.Recipe/evaluationName" xmlns="http://docs.oasis-open.org/odata/ns/edm">
        <Annotation Term="Common.Label" String="Evaluation Sheet Name"/>
      </Annotations>
      <Annotations Target="RecipeService.Recipe/nextRecipeStatus" xmlns="http://docs.oasis-open.org/odata/ns/edm">
        <Annotation Term="Common.Label" String="Next Recipe Status"/>
      </Annotations>
      <Annotations Target="RecipeService.Recipe/criticality" xmlns="http://docs.oasis-open.org/odata/ns/edm">
        <Annotation Term="UI.Hidden" Bool="true"/>
      </Annotations>
      <Annotations Target="RecipeService.Recipe/UseLimitsOfevaluationSheet" xmlns="http://docs.oasis-open.org/odata/ns/edm">
        <Annotation Term="Common.Label" String="Assigned to Evaluation Sheet"/>
        <Annotation Term="Common.readonly" Bool="true"/>
        <Annotation Term="Core.Computed" Bool="true"/>
      </Annotations>
      <Annotations Target="RecipeService.Recipe/IsActiveEntity" xmlns="http://docs.oasis-open.org/odata/ns/edm">
        <Annotation Term="UI.Hidden" Bool="true"/>
      </Annotations>
      <Annotations Target="RecipeService.Recipe/HasActiveEntity" xmlns="http://docs.oasis-open.org/odata/ns/edm">
        <Annotation Term="UI.Hidden" Bool="true"/>
      </Annotations>
      <Annotations Target="RecipeService.Recipe/HasDraftEntity" xmlns="http://docs.oasis-open.org/odata/ns/edm">
        <Annotation Term="UI.Hidden" Bool="true"/>
      </Annotations>
      <Annotations Target="RecipeService.Recipe/DraftAdministrativeData_DraftUUID" xmlns="http://docs.oasis-open.org/odata/ns/edm">
        <Annotation Term="UI.Hidden" Bool="true"/>
      </Annotations>
      <Annotations Target="RecipeService.EntityContainer/RecipeSpecification" xmlns="http://docs.oasis-open.org/odata/ns/edm">
        <Annotation Term="Common.DraftNode">
          <Record Type="Common.DraftNodeType">
            <PropertyValue Property="PreparationAction" String="RecipeService.EntityContainer/RecipeSpecification_draftPrepare"/>
          </Record>
        </Annotation>
      </Annotations>
      <Annotations Target="RecipeService.RecipeSpecification/ID" xmlns="http://docs.oasis-open.org/odata/ns/edm">
        <Annotation Term="Common.FieldControl" EnumMember="Common.FieldControlType/Hidden"/>
      </Annotations>
      <Annotations Target="RecipeService.RecipeSpecification/IsActiveEntity" xmlns="http://docs.oasis-open.org/odata/ns/edm">
        <Annotation Term="UI.Hidden" Bool="true"/>
      </Annotations>
      <Annotations Target="RecipeService.RecipeSpecification/HasActiveEntity" xmlns="http://docs.oasis-open.org/odata/ns/edm">
        <Annotation Term="UI.Hidden" Bool="true"/>
      </Annotations>
      <Annotations Target="RecipeService.RecipeSpecification/HasDraftEntity" xmlns="http://docs.oasis-open.org/odata/ns/edm">
        <Annotation Term="UI.Hidden" Bool="true"/>
      </Annotations>
      <Annotations Target="RecipeService.RecipeSpecification/DraftAdministrativeData_DraftUUID" xmlns="http://docs.oasis-open.org/odata/ns/edm">
        <Annotation Term="UI.Hidden" Bool="true"/>
      </Annotations>
      <Annotations Target="RecipeService.RecipeStatus/ID" xmlns="http://docs.oasis-open.org/odata/ns/edm">
        <Annotation Term="Common.FieldControl" EnumMember="Common.FieldControlType/Hidden"/>
      </Annotations>
      <Annotations Target="RecipeService.RecipeStatus/STATUS" xmlns="http://docs.oasis-open.org/odata/ns/edm">
        <Annotation Term="Common.Label" String="Status ID"/>
      </Annotations>
      <Annotations Target="RecipeService.RecipeStatus/nextStatus" xmlns="http://docs.oasis-open.org/odata/ns/edm">
        <Annotation Term="Common.Label" String="Next Recipe Status"/>
      </Annotations>
      <Annotations Target="RecipeService.Specification/specificationID" xmlns="http://docs.oasis-open.org/odata/ns/edm">
        <Annotation Term="Common.FieldControl" EnumMember="Common.FieldControlType/Hidden"/>
      </Annotations>
      <Annotations Target="RecipeService.UOM/Id" xmlns="http://docs.oasis-open.org/odata/ns/edm">
        <Annotation Term="Common.FieldControl" EnumMember="Common.FieldControlType/Hidden"/>
      </Annotations>
    </Schema>
  </edmx:DataServices>
</edmx:Edmx>