[{
	"ID": "00a4c48c-0dfc-4507-abc6-9b54a431b788",
	"layoutItemId": "f3e90896-0a5e-4c86-86ea-cf9424f75486",
	"categoryName": "categoryName 1",
	"subCategoryName": "Specification",
	"UOM": "KG",
	"fixedColumn": true,
	"columnOrder": 1,
	"IsActiveEntity": true,
	"HasActiveEntity": false,
	"HasDraftEntity": true,
	"DraftAdministrativeData_DraftUUID": "3de340d6-7800-412b-9f0c-22f5003d8c86",
	"__metadata": {
		"uri": "ColumnsSelectedInLayout(ID=guid'00a4c48c-0dfc-4507-abc6-9b54a431b788',IsActiveEntity=true)",
		"type": "ManageLayoutService.ColumnsSelectedInLayout"
	},
	"layoutItem": {
		"__deferred": {
			"uri": "ColumnsSelectedInLayout(ID=guid'00a4c48c-0dfc-4507-abc6-9b54a431b788',IsActiveEntity=true)/layoutItem"
		}
	},
	"DraftAdministrativeData": {
		"__deferred": {
			"uri": "ColumnsSelectedInLayout(ID=guid'00a4c48c-0dfc-4507-abc6-9b54a431b788',IsActiveEntity=true)/DraftAdministrativeData"
		}
	},
	"SiblingEntity": {
		"__deferred": {
			"uri": "ColumnsSelectedInLayout(ID=guid'00a4c48c-0dfc-4507-abc6-9b54a431b788',IsActiveEntity=true)/SiblingEntity"
		}
	}
}, {
	"ID": "b14f718f-4ac1-4211-97d8-8ebd4145aa3b",
	"layoutItemId": "11111111-1111-1111-1111-111111111111",
	"categoryName": "categoryName 3",
	"subCategoryName": "Specification",
	"UOM": "KG",
	"fixedColumn": true,
	"columnOrder": 1,
	"IsActiveEntity": false,
	"HasActiveEntity": false,
	"HasDraftEntity": false,
	"DraftAdministrativeData_DraftUUID": "0a4d4de6-e3c4-411c-9676-3879c2ae7dde",
	"__metadata": {
		"uri": "ColumnsSelectedInLayout(ID=guid'b14f718f-4ac1-4211-97d8-8ebd4145aa3b',IsActiveEntity=false)",
		"type": "ManageLayoutService.ColumnsSelectedInLayout"
	},
	"layoutItem": {
		"__deferred": {
			"uri": "ColumnsSelectedInLayout(ID=guid'b14f718f-4ac1-4211-97d8-8ebd4145aa3b',IsActiveEntity=false)/layoutItem"
		}
	},
	"DraftAdministrativeData": {
		"__deferred": {
			"uri": "ColumnsSelectedInLayout(ID=guid'b14f718f-4ac1-4211-97d8-8ebd4145aa3b',IsActiveEntity=false)/DraftAdministrativeData"
		}
	},
	"SiblingEntity": {
		"__deferred": {
			"uri": "ColumnsSelectedInLayout(ID=guid'b14f718f-4ac1-4211-97d8-8ebd4145aa3b',IsActiveEntity=false)/SiblingEntity"
		}
	}
}, {
	"ID": "f340abaa-acf0-42f8-8432-04307c9e409e",
	"layoutItemId": "11111111-1111-1111-1111-111111111111",
	"categoryName": "categoryName 4",
	"subCategoryName": "Specification Description",
	"UOM": "KG",
	"fixedColumn": true,
	"columnOrder": 2,
	"IsActiveEntity": true,
	"HasActiveEntity": true,
	"HasDraftEntity": true,
	"DraftAdministrativeData_DraftUUID": "5752f01f-49af-48a2-838d-e420f52d6f93",
	"__metadata": {
		"uri": "ColumnsSelectedInLayout(ID=guid'f340abaa-acf0-42f8-8432-04307c9e409e',IsActiveEntity=true)",
		"type": "ManageLayoutService.ColumnsSelectedInLayout"
	},
	"layoutItem": {
		"__deferred": {
			"uri": "ColumnsSelectedInLayout(ID=guid'f340abaa-acf0-42f8-8432-04307c9e409e',IsActiveEntity=true)/layoutItem"
		}
	},
	"DraftAdministrativeData": {
		"__deferred": {
			"uri": "ColumnsSelectedInLayout(ID=guid'f340abaa-acf0-42f8-8432-04307c9e409e',IsActiveEntity=true)/DraftAdministrativeData"
		}
	},
	"SiblingEntity": {
		"__deferred": {
			"uri": "ColumnsSelectedInLayout(ID=guid'f340abaa-acf0-42f8-8432-04307c9e409e',IsActiveEntity=true)/SiblingEntity"
		}
	}
}, {
	"ID": "7f33bba1-7e88-4d42-91ce-b4f9eee9a1f3",
	"layoutItemId": "11111111-1111-1111-1111-111111111111",
	"categoryName": "categoryName 5",
	"subCategoryName": "Quantity",
	"UOM": "KG",
	"fixedColumn": false,
	"columnOrder": 3,
	"IsActiveEntity": false,
	"HasActiveEntity": true,
	"HasDraftEntity": false,
	"DraftAdministrativeData_DraftUUID": "0780cc76-ea52-4fea-9900-c5356618f090",
	"__metadata": {
		"uri": "ColumnsSelectedInLayout(ID=guid'7f33bba1-7e88-4d42-91ce-b4f9eee9a1f3',IsActiveEntity=false)",
		"type": "ManageLayoutService.ColumnsSelectedInLayout"
	},
	"layoutItem": {
		"__deferred": {
			"uri": "ColumnsSelectedInLayout(ID=guid'7f33bba1-7e88-4d42-91ce-b4f9eee9a1f3',IsActiveEntity=false)/layoutItem"
		}
	},
	"DraftAdministrativeData": {
		"__deferred": {
			"uri": "ColumnsSelectedInLayout(ID=guid'7f33bba1-7e88-4d42-91ce-b4f9eee9a1f3',IsActiveEntity=false)/DraftAdministrativeData"
		}
	},
	"SiblingEntity": {
		"__deferred": {
			"uri": "ColumnsSelectedInLayout(ID=guid'7f33bba1-7e88-4d42-91ce-b4f9eee9a1f3',IsActiveEntity=false)/SiblingEntity"
		}
	}
}, {
	"ID": "72dc304e-8956-4316-b7f4-277c9adfbd2d",
	"layoutItemId": "11111111-1111-1111-1111-111111111111",
	"categoryName": "categoryName 6",
	"subCategoryName": "UoM",
	"UOM": "KG",
	"fixedColumn": false,
	"columnOrder": 4,
	"IsActiveEntity": true,
	"HasActiveEntity": true,
	"HasDraftEntity": false,
	"DraftAdministrativeData_DraftUUID": "34d6f3e4-94b5-400f-86a1-a711c3099e6d",
	"__metadata": {
		"uri": "ColumnsSelectedInLayout(ID=guid'72dc304e-8956-4316-b7f4-277c9adfbd2d',IsActiveEntity=true)",
		"type": "ManageLayoutService.ColumnsSelectedInLayout"
	},
	"layoutItem": {
		"__deferred": {
			"uri": "ColumnsSelectedInLayout(ID=guid'72dc304e-8956-4316-b7f4-277c9adfbd2d',IsActiveEntity=true)/layoutItem"
		}
	},
	"DraftAdministrativeData": {
		"__deferred": {
			"uri": "ColumnsSelectedInLayout(ID=guid'72dc304e-8956-4316-b7f4-277c9adfbd2d',IsActiveEntity=true)/DraftAdministrativeData"
		}
	},
	"SiblingEntity": {
		"__deferred": {
			"uri": "ColumnsSelectedInLayout(ID=guid'72dc304e-8956-4316-b7f4-277c9adfbd2d',IsActiveEntity=true)/SiblingEntity"
		}
	}
}, {
	"ID": "99f86472-fb4e-46c1-adc5-145c48b1e552",
	"layoutItemId": "11111111-1111-1111-1111-111111111111",
	"categoryName": "categoryName 7",
	"subCategoryName": "Component Type",
	"UOM": "KG",
	"fixedColumn": true,
	"columnOrder": 5,
	"IsActiveEntity": true,
	"HasActiveEntity": true,
	"HasDraftEntity": false,
	"DraftAdministrativeData_DraftUUID": "bff60af8-f64b-4da5-a3d3-deaefac9468b",
	"__metadata": {
		"uri": "ColumnsSelectedInLayout(ID=guid'99f86472-fb4e-46c1-adc5-145c48b1e552',IsActiveEntity=true)",
		"type": "ManageLayoutService.ColumnsSelectedInLayout"
	},
	"layoutItem": {
		"__deferred": {
			"uri": "ColumnsSelectedInLayout(ID=guid'99f86472-fb4e-46c1-adc5-145c48b1e552',IsActiveEntity=true)/layoutItem"
		}
	},
	"DraftAdministrativeData": {
		"__deferred": {
			"uri": "ColumnsSelectedInLayout(ID=guid'99f86472-fb4e-46c1-adc5-145c48b1e552',IsActiveEntity=true)/DraftAdministrativeData"
		}
	},
	"SiblingEntity": {
		"__deferred": {
			"uri": "ColumnsSelectedInLayout(ID=guid'99f86472-fb4e-46c1-adc5-145c48b1e552',IsActiveEntity=true)/SiblingEntity"
		}
	}
}, {
	"ID": "f551afab-4e12-4a55-90ef-5d9d9c8b26b6",
	"layoutItemId": "11111111-1111-1111-1111-111111111111",
	"categoryName": "categoryName 8",
	"subCategoryName": "Density",
	"UOM": "KG",
	"fixedColumn": true,
	"columnOrder": 6,
	"IsActiveEntity": false,
	"HasActiveEntity": false,
	"HasDraftEntity": false,
	"DraftAdministrativeData_DraftUUID": "dab74fee-f881-48d9-914e-578f85217030",
	"__metadata": {
		"uri": "ColumnsSelectedInLayout(ID=guid'f551afab-4e12-4a55-90ef-5d9d9c8b26b6',IsActiveEntity=false)",
		"type": "ManageLayoutService.ColumnsSelectedInLayout"
	},
	"layoutItem": {
		"__deferred": {
			"uri": "ColumnsSelectedInLayout(ID=guid'f551afab-4e12-4a55-90ef-5d9d9c8b26b6',IsActiveEntity=false)/layoutItem"
		}
	},
	"DraftAdministrativeData": {
		"__deferred": {
			"uri": "ColumnsSelectedInLayout(ID=guid'f551afab-4e12-4a55-90ef-5d9d9c8b26b6',IsActiveEntity=false)/DraftAdministrativeData"
		}
	},
	"SiblingEntity": {
		"__deferred": {
			"uri": "ColumnsSelectedInLayout(ID=guid'f551afab-4e12-4a55-90ef-5d9d9c8b26b6',IsActiveEntity=false)/SiblingEntity"
		}
	}
}, {
	"ID": "d02eb1ab-dfa2-4910-aff7-1eaf20ece636",
	"layoutItemId": "f3e90896-0a5e-4c86-86ea-cf9424f75486",
	"categoryName": "categoryName 9",
	"subCategoryName": "Specification Description",
	"UOM": "KG",
	"fixedColumn": true,
	"columnOrder": 2,
	"IsActiveEntity": false,
	"HasActiveEntity": false,
	"HasDraftEntity": true,
	"DraftAdministrativeData_DraftUUID": "c4fff781-9024-473f-bacb-9ea59906ee82",
	"__metadata": {
		"uri": "ColumnsSelectedInLayout(ID=guid'd02eb1ab-dfa2-4910-aff7-1eaf20ece636',IsActiveEntity=false)",
		"type": "ManageLayoutService.ColumnsSelectedInLayout"
	},
	"layoutItem": {
		"__deferred": {
			"uri": "ColumnsSelectedInLayout(ID=guid'd02eb1ab-dfa2-4910-aff7-1eaf20ece636',IsActiveEntity=false)/layoutItem"
		}
	},
	"DraftAdministrativeData": {
		"__deferred": {
			"uri": "ColumnsSelectedInLayout(ID=guid'd02eb1ab-dfa2-4910-aff7-1eaf20ece636',IsActiveEntity=false)/DraftAdministrativeData"
		}
	},
	"SiblingEntity": {
		"__deferred": {
			"uri": "ColumnsSelectedInLayout(ID=guid'd02eb1ab-dfa2-4910-aff7-1eaf20ece636',IsActiveEntity=false)/SiblingEntity"
		}
	}
}, {
	"ID": "c13e3f8e-b0a3-4acc-b3e7-83d9ea4c3108",
	"layoutItemId": "f3e90896-0a5e-4c86-86ea-cf9424f75486",
	"categoryName": "categoryName 10",
	"subCategoryName": "Density",
	"UOM": "KG",
	"fixedColumn": false,
	"columnOrder": 3,
	"IsActiveEntity": false,
	"HasActiveEntity": true,
	"HasDraftEntity": true,
	"DraftAdministrativeData_DraftUUID": "63ec395f-2bd7-4856-9b31-58b3d87f1c0f",
	"__metadata": {
		"uri": "ColumnsSelectedInLayout(ID=guid'c13e3f8e-b0a3-4acc-b3e7-83d9ea4c3108',IsActiveEntity=false)",
		"type": "ManageLayoutService.ColumnsSelectedInLayout"
	},
	"layoutItem": {
		"__deferred": {
			"uri": "ColumnsSelectedInLayout(ID=guid'c13e3f8e-b0a3-4acc-b3e7-83d9ea4c3108',IsActiveEntity=false)/layoutItem"
		}
	},
	"DraftAdministrativeData": {
		"__deferred": {
			"uri": "ColumnsSelectedInLayout(ID=guid'c13e3f8e-b0a3-4acc-b3e7-83d9ea4c3108',IsActiveEntity=false)/DraftAdministrativeData"
		}
	},
	"SiblingEntity": {
		"__deferred": {
			"uri": "ColumnsSelectedInLayout(ID=guid'c13e3f8e-b0a3-4acc-b3e7-83d9ea4c3108',IsActiveEntity=false)/SiblingEntity"
		}
	}
}]